lat,lon,source
12.984930700000305,77.5500627,EKF
12.984930700000305,77.5500627,EKF
12.984930700000302,77.5500627,EKF
12.984930700000303,77.55006272765112,EKF
12.984930709039128,77.55006272765112,EKF
12.984930700000305,77.55006273686816,EKF
12.984930745194417,77.55006271843408,EKF
12.984930455952082,77.5500625801785,EKF
12.984933158560144,77.5500614464828,EKF
12.984931260407327,77.55006218384585,EKF
12.984930916932052,77.55006245113996,EKF
12.984930953087346,77.55006225758217,EKF
12.984931323679092,77.55006199028806,EKF
12.984932173328458,77.55006147413391,EKF
12.984933610501272,77.5500632806734,EKF
12.984936060022461,77.55006265391481,EKF
12.984935544809543,77.55006163082354,EKF
12.984933402608423,77.55005752924137,EKF
12.984926542140578,77.55004197088002,EKF
12.984922230617544,77.55001520459705,EKF
12.984924101644445,77.5499788710208,EKF
12.984925900353923,77.54993827916351,EKF
12.984911727446852,77.54989325390618,EKF
12.984951516406982,77.55001230122596,EKF
12.98495113677635,77.55001194176137,EKF
12.984950937922218,77.55001195097846,EKF
12.984950730029263,77.55001192332739,EKF
12.984949762875063,77.55001160073112,EKF
12.984955502528798,77.55001496494981,EKF
12.98495717471076,77.55001224592259,EKF
12.98496509271876,77.5500033238257,EKF
12.984955773692972,77.55001209845031,EKF
12.984939241684112,77.55001189567788,EKF
12.984957228943792,77.55001144403961,EKF
12.9849598592417,77.55001240261137,EKF
12.984960003862808,77.55001203392975,EKF
12.98495835879703,77.5500113703026,EKF
12.984947575480975,77.55001350865605,EKF
12.984962679354755,77.55000902917297,EKF
12.984962390112365,77.55000891856854,EKF
12.984962417228852,77.55000887248329,EKF
12.984962579927679,77.55000891856848,EKF
12.98496250761707,77.55000877109583,EKF
12.984962435306482,77.55000875266174,EKF
12.984962516655925,77.55000891856847,EKF
12.98496192913218,77.55000785860885,EKF
12.984957536262357,77.54999949875271,EKF
12.984943001828412,77.54998147022118,EKF
12.98493128750003,77.54995110006719,EKF
12.984926225743637,77.54992327380795,EKF
12.984921064561304,77.54990411156113,EKF
12.984915731647776,77.5498997795292,EKF
12.98494221542044,77.54991244379778,EKF
12.984942369080715,77.5499128769987,EKF
12.984942414275018,77.5499131995952,EKF
12.984942694478487,77.54991301525435,EKF
12.984943019876283,77.54991314429267,EKF
12.984943074109287,77.54991326411435,EKF
12.9849444570497,77.54991346688826,EKF
12.984944285311611,77.54991275717617,EKF
12.984943209685431,77.54990236956858,EKF
12.984940877653887,77.54987951129843,EKF
12.984939919514362,77.5498473714597,EKF
12.984939386181615,77.54980080694031,EKF
12.984930112267907,77.54973339345757,EKF
12.984904324354638,77.54964320464424,EKF
12.984861950110455,77.54953781692628,EKF
12.984813691505108,77.54942451177739,EKF
12.984763362898573,77.54929948253339,EKF
12.984716514098654,77.54915919901634,EKF
12.984853390858603,77.5498761748055,EKF
12.984854439361241,77.54987517936362,EKF
12.984855921727824,77.54987457103708,EKF
12.984856445979506,77.54987434982765,EKF
12.984855460748406,77.54987524388169,EKF
12.984855379400237,77.54987650661683,EKF
12.984855650565304,77.54987647896631,EKF
12.984855650565247,77.5498764974002,EKF
12.984855234779273,77.54987670017499,EKF
12.98485423147024,77.54987819333479,EKF
12.984857684301524,77.54987581534046,EKF
12.984858597222802,77.5498756586502,EKF
12.984858461640142,77.54987525310065,EKF
12.984858262785698,77.54987497658946,EKF
12.98485855202905,77.54987568630226,EKF
12.984858479718383,77.54987569551916,EKF
12.984858552029076,77.5498758061236,EKF
12.984858624339696,77.54987576925551,EKF
12.984858434524199,77.54987569551905,EKF
12.984858533951485,77.5498756863025,EKF
12.984858515873794,77.54987563100028,EKF
12.984858515873931,77.54987583377508,EKF
12.984858497796303,77.54987605498366,EKF
12.984858696650612,77.54987626697539,EKF
12.984858687611782,77.54987627619239,EKF
12.984858515874135,77.54987646975006,EKF
12.984858524912536,77.54987592594472,EKF
12.98485947398801,77.54987400880063,EKF
12.984859464949192,77.54987399958364,EKF
12.984859654763765,77.54987312396456,EKF
12.984859745143,77.54986304973794,EKF
12.984859501067033,77.549834615162,EKF
12.984859591394883,77.54978381080255,EKF
12.984854683406258,77.54986713289613,EKF
12.984850634026571,77.54988137323053,EKF
12.984848564134715,77.54988025797017,EKF
12.984847280620315,77.54987878324471,EKF
12.984847271581488,77.54987883854686,EKF
12.984847271581488,77.54987883854686,EKF
12.98484727158148,77.54987883854682,EKF
12.98484726254266,77.54987884776386,EKF
12.98484727158147,77.54987884776382,EKF
12.98484716311561,77.54987893993422,EKF
12.984846665980426,77.54987935470102,EKF
12.98484339392667,77.54988152992277,EKF
12.984827847150319,77.54989085756873,EKF
12.984861010591633,77.54987446044234,EKF
12.984860938280667,77.54987395350533,EKF
12.984860368834656,77.54987411941201,EKF
12.9848553432496,77.5498777601432,EKF
12.984869498041753,77.54986632178982,EKF
12.984870347690716,77.54986529869853,EKF
12.98486978728384,77.54986571346556,EKF
12.98487064597291,77.54986645082835,EKF
12.984870781555285,77.54986648769629,EKF
12.98487073636114,77.54986647847926,EKF
12.984869199759391,77.54986449681735,EKF
12.984864626109406,77.54986043210315,EKF
12.984851510764093,77.54985770385068,EKF
12.984837120949837,77.54987634989611,EKF
12.984855722844701,77.54984069841593,EKF
12.984855162436526,77.54984040346912,EKF
12.984855053970568,77.54984033894998,EKF
12.984854665301167,77.54984051407395,EKF
12.984855813233434,77.54984179524206,EKF
12.984855749961525,77.54984150951427,EKF
12.984855786116594,77.54984142656042,EKF
12.984855777077827,77.54984142656059,EKF
12.984855777077767,77.54984139890936,EKF
12.984855731883629,77.54984138969236,EKF
12.98485571380599,77.54984141734347,EKF
12.984855659573068,77.54984147264571,EKF
12.984855307058805,77.54984139890975,EKF
12.98485010973398,77.54984170307624,EKF
12.984824421388474,77.5498454820737,EKF
12.984867545626793,77.54984065231265,EKF
12.984861444420913,77.54984224686727,EKF
12.984867789676116,77.5498424680673,EKF
12.984868467587415,77.54984174913741,EKF
12.984867898142337,77.54984253258733,EKF
12.984867871025804,77.54984249571913,EKF
12.98486775352089,77.54984231137838,EKF
12.984867572744248,77.54984217312297,EKF
12.98486750947249,77.54984222842518,EKF
12.98486798852998,77.5498419979984,EKF
12.984867545627608,77.5498423021606,EKF
12.985549251370262,77.5429163650985,EKF
12.985549847635191,77.54290808911043,EKF
12.985555152397357,77.54289145389103,EKF
12.985560213060925,77.54287289277461,EKF
12.985562743516457,77.54286805434687,EKF
12.98556381900283,77.54286751981087,EKF
12.98556264409901,77.5428680451438,EKF
12.98556108053077,77.54286738166215,EKF
12.98555827866743,77.5428624603057,EKF
12.985559046572678,77.54285077416563,EKF
12.985543393476105,77.54286788912485,EKF
12.98554112504092,77.54287041446318,EKF
12.98554042008897,77.54287013791232,EKF
12.985535241920408,77.54288927998213,EKF
12.985538386825974,77.54288001784428,EKF
12.985549448274291,77.542849116253,EKF
12.985571815494733,77.54279734897355,EKF
12.985576758474071,77.54277350746284,EKF
12.985565632484494,77.54276283677544,EKF
12.985550430282283,77.54274769670172,EKF
12.985522140371016,77.54269724015545,EKF
12.985532671202789,77.54275572379991,EKF
12.985527293418233,77.54274779870481,EKF
12.9855267690263,77.54274166111934,EKF
12.985531369675526,77.54275426814975,EKF
12.985531297367931,77.54275407460761,EKF
12.9855312973627,77.54275390872532,EKF
12.985531225058503,77.54275378889568,EKF
12.985531080454516,77.54275384419743,EKF
12.985531089491225,77.54275380733407,EKF
12.98553111659914,77.54275360457869,EKF
12.98553106237443,77.54275368752486,EKF
12.985531179871113,77.54275385340945,EKF
12.985532463338446,77.54275714348888,EKF
12.985547232090905,77.5427887537547,EKF
12.985530754966517,77.54274967864984,EKF
12.985528676148867,77.5427456605224,EKF
12.985528865953464,77.54274601072618,EKF
12.9855289563317,77.5427460015063,EKF
12.985528676151082,77.54274575268764,EKF
12.985528649038175,77.54274577111941,EKF
12.985528721338564,77.54274568817272,EKF
12.98553004993733,77.54274696916457,EKF
12.9855358431731,77.54274593668569,EKF
12.985531495787221,77.54274000187931,EKF
12.985522168863305,77.5427452555638,EKF
12.985526796527326,77.54275734751397,EKF
12.985530239648686,77.54274714533405,EKF
12.98553367329233,77.5427217459956,EKF
12.985530580972167,77.542671914436,EKF
12.985527203391596,77.54276556907372,EKF
12.985524067161117,77.54276183660961,EKF
12.985520506080668,77.54275560662109,EKF
12.985525694028983,77.54276455553621,EKF
12.985525956143663,77.54276530207306,EKF
12.985525829611516,77.54276521913334,EKF
12.985525486167848,77.5427649979533,EKF
12.985525513282887,77.54276506246838,EKF
12.985524799265054,77.54276401184784,EKF
12.986103533495731,77.54022327908305,EKF
12.986101102308126,77.54022297505293,EKF
12.986103099796365,77.54022608991919,EKF
12.986112038719194,77.54023840186153,EKF
12.986130558020658,77.54025662046354,EKF
12.986097695106753,77.54022530709399,EKF
12.98609773124327,77.54022490158074,EKF
12.986097658942871,77.54022498453595,EKF
12.986097631816477,77.54022456057146,EKF
12.986097613741599,77.54022454212769,EKF
12.986097595655501,77.54022425642707,EKF
12.98609755951044,77.54022452372698,EKF
12.986097297383521,77.54022370349757,EKF
12.986098246363273,77.54022397074485,EKF
12.98609838193039,77.54022393386596,EKF
12.986098363854731,77.54022393386667,EKF
12.986098246359843,77.54022385092665,EKF
12.986098065513195,77.54022152850193,EKF
12.986106099945813,77.54021811879264,EKF
12.986097360526262,77.5402235570141,EKF
12.98608906340942,77.54021454445481,EKF
12.986089443163248,77.54021876535569,EKF
12.986089289499139,77.54021828615072,EKF
12.986089397907499,77.54021718946794,EKF
12.98608967809092,77.54021747515512,EKF
12.986089994401544,77.54021713415112,EKF
12.986090039580038,77.54021684844959,EKF
12.986092127386986,77.54021852564452,EKF
12.986092018945609,77.5402189680557,EKF
12.986091856249704,77.54021859020935,EKF
12.986091702589203,77.54021813863099,EKF
12.986091576050613,77.54021797276984,EKF
12.9860904462905,77.5402172079051,EKF
12.986091729689134,77.5402178437357,EKF
12.986091720639312,77.54021750273371,EKF
12.98608965092963,77.54021651678201,EKF
12.986091774883079,77.54021800963555,EKF
12.986091928521946,77.54021788981748,EKF
12.986091928511444,77.54021763177367,EKF
12.986091946585715,77.54021758568952,EKF
12.986091910430755,77.54021748431262,EKF
12.986091919466691,77.54021741979513,EKF
12.986091973693183,77.54021737370184,EKF
12.986092018883259,77.54021735525403,EKF
12.986092362321042,77.5402173367991,EKF
12.986093076311077,77.54021735519387,EKF
12.986089081553256,77.54021658128143,EKF
12.98608911770476,77.54021657205931,EKF
12.9860893978928,77.54021723568718,EKF
12.986088973098939,77.54021681176464,EKF
12.98608889175168,77.54021664588319,EKF
12.986088810397122,77.54021626802594,EKF
12.986088900771374,77.54021615742799,EKF
12.98608849403327,77.54021530959788,EKF
12.986088394665783,77.54021654453987,EKF
12.986088593489955,77.5402163141241,EKF
12.986088756171416,77.54021628645559,EKF
12.986088701942366,77.5402162311613,EKF
12.986088665786875,77.54021612056987,EKF
12.986088457916352,77.54021611136353,EKF
12.986079058622618,77.5402174757692,EKF
12.986064797072764,77.54022178966123,EKF
12.986049342659511,77.54022907102734,EKF
12.986081255103953,77.54022724539743,EKF
12.986060242583479,77.54023907065167,EKF
12.98606176980016,77.54023461007584,EKF
12.986083505348242,77.54022260961487,EKF
12.986092389363028,77.54021793663578,EKF
12.986096682147068,77.5402129966174,EKF
12.98609960075721,77.54019593722444,EKF
12.986097043458734,77.54020832425921,EKF
12.986107093913231,77.5402211257476,EKF
12.986113049581006,77.54021629691738,EKF
12.986097458976559,77.54020833532626,EKF
12.986104599126785,77.54021287775177,EKF
12.986105177561244,77.54021334778251,EKF
12.986104662373362,77.54021225101023,EKF
12.98610512330202,77.54021216802427,EKF
12.98610719296423,77.54021187293124,EKF
12.98561326390493,77.53723471343312,EKF
12.985608952862364,77.53723472284017,EKF
12.985608781143261,77.53723471363092,EKF
12.98560874498892,77.53723466756657,EKF
12.985608157542607,77.5372349164242,EKF
12.985608220802733,77.5372348519367,EKF
12.985605898071917,77.53723460315396,EKF
12.985605581745112,77.53723456632406,EKF
12.985607353166902,77.5372346952419,EKF
12.98560705492139,77.53723475977563,EKF
12.98560723568162,77.53723483349481,EKF
12.985606892244524,77.53723483350439,EKF
12.985605762519077,77.53723487962452,EKF
12.98560578963302,77.5372348888392,EKF
12.985603349430932,77.53723523927705,EKF
12.985606440335498,77.53723442797482,EKF
12.985617122981179,77.53723249155811,EKF
12.985618894365611,77.53723213227225,EKF
12.985629260681801,77.53723001149599,EKF
12.985641931629488,77.53722759571535,EKF
12.98566073918464,77.53722310562539,EKF
12.985681706702268,77.53721702109685,EKF
12.985633697734997,77.53722110081732,EKF
12.985627262934003,77.53722381067858,EKF
12.985637854753254,77.53721362663107,EKF
12.985614908637544,77.53723376606143,EKF
12.985610002001629,77.53725291801692,EKF
12.985607254592914,77.53725491818605,EKF
12.985604687606603,77.5372497571202,EKF
12.985600078461905,77.53725283560085,EKF
12.98560016880736,77.53725213514397,EKF
12.985599933798394,77.5372515821586,EKF
12.985600367616513,77.53725166511299,EKF
12.985601967540553,77.53725658666707,EKF
12.98560267341646,77.5372764389879,EKF
12.985599022299317,77.53727996908937,EKF
12.985599193756599,77.53727457761921,EKF
12.985589198186345,77.5372804953193,EKF
12.98559090639699,77.53728166559453,EKF
12.985593825597313,77.53728116764626,EKF
12.985596211635194,77.53728215357988,EKF
12.98559446734006,77.53728238418455,EKF
12.98558727319957,77.53728211762723,EKF
12.985592361523649,77.53728244892072,EKF
12.981974208690747,77.5372431269047,EKF
12.98197459731584,77.53724320058426,EKF
12.98197462442942,77.53724320058286,EKF
12.981974082134379,77.53724257395812,EKF
12.981964456275911,77.5372281983063,EKF
12.981960687238608,77.53722160020533,EKF
12.981978728469363,77.53726596261156,EKF
12.981974508565116,77.53728643968617,EKF
12.981985238661116,77.53734310535975,EKF
12.982021990576408,77.53744953330927,EKF
12.981997462164761,77.53745429975092,EKF
12.9819912269859,77.5374664205933,EKF
12.981992366208534,77.53746441379506,EKF
12.98199304381396,77.53745137487886,EKF
12.982023815863073,77.53740660351154,EKF
12.98200476557981,77.53743513768424,EKF
12.98201272769602,77.53742651191939,EKF
12.982012718658606,77.5374265211358,EKF
12.982001628937983,77.53742071571891,EKF
12.98199804081774,77.53741875292805,EKF
12.981996793852717,77.53742325055251,EKF
12.981981276894023,77.5374391592439,EKF
12.98200139329506,77.53740096724088,EKF
12.982005568615559,77.53739805466343,EKF
12.981991749150033,77.53738789903055,EKF
12.981991740548471,77.53739490356178,EKF
12.981993348857825,77.53738879273793,EKF
12.981993854890016,77.53738696795766,EKF
12.981994867028135,77.53738476531555,EKF
12.981988495582401,77.53738992654802,EKF
12.981978246168742,77.53737928280995,EKF
12.981978300390093,77.5373791445719,EKF
12.981978264236407,77.53737909849397,EKF
12.981978210011475,77.53737915379044,EKF
12.981978200972732,77.53737912614504,EKF
12.981978065398884,77.53737906162833,EKF
12.981978047310477,77.53737885886636,EKF
12.981977902721408,77.53737916300807,EKF
12.981978752209493,77.53737811226297,EKF
12.981977830392365,77.53737894176328,EKF
12.981977902702775,77.53737916292854,EKF
12.981977297140965,77.537378637652,EKF
12.981976510818217,77.5373781123687,EKF
12.981976293942678,77.5373791352788,EKF
12.981976149344197,77.53737948545056,EKF
12.981976357206882,77.53737932876685,EKF
12.981976357206882,77.53737932876685,EKF
12.981976348169491,77.53737932876929,EKF
12.981975706533817,77.53738048999386,EKF
12.98197707111026,77.53737751319207,EKF
12.981977586213619,77.53737630589414,EKF
12.981977215686927,77.53737684965013,EKF
12.981975579753986,77.53737580820528,EKF
12.981976194331045,77.53737595560945,EKF
12.981976302783444,77.53737599245184,EKF
12.981976248610458,77.5373772273663,EKF
12.981974649074543,77.53738161403388,EKF
12.981975281725214,77.53738113487364,EKF
12.981977188477716,77.53737428774215,EKF
12.981977296913657,77.53737388224074,EKF
12.981977260769392,77.53737403891178,EKF
12.981977369224648,77.53737403891026,EKF
12.981977541007998,77.537375522634,EKF
12.98197691726214,77.53737249067913,EKF
12.981976935337826,77.53737250910615,EKF
12.981976908213422,77.53737230635261,EKF
12.981977034750647,77.53737246301537,EKF
12.981977098014303,77.53737244457827,EKF
12.981977125131051,77.53737249987459,EKF
12.981977179364508,77.53737262889516,EKF
12.981977206489834,77.53737284086665,EKF
12.981977278808454,77.5373731634213,EKF
12.981977305931476,77.5373733569549,EKF
12.981977378229498,77.53737320950596,EKF
12.981724008699544,77.53365324346949,EKF
12.981725165704733,77.53365672671633,EKF
12.98172568087302,77.53365700312933,EKF
12.981725147558967,77.5336553352033,EKF
12.981726096624495,77.53365788760173,EKF
12.981725807283324,77.53365569427238,EKF
12.981728346435832,77.53364815545562,EKF
12.981728346435832,77.53364815545562,EKF
12.981728120479088,77.53364789745294,EKF
12.981728147593117,77.53364789745373,EKF
12.981729331586694,77.53364881885761,EKF
12.981726683276955,77.53364503137232,EKF
12.981733424771713,77.53363226724275,EKF
12.981733497098151,77.53363262666413,EKF
12.981733379586702,77.53363240546138,EKF
12.981733225949315,77.53363250684406,EKF
12.98173345190969,77.53363277407807,EKF
12.981733369631858,77.53361716256373,EKF
12.98174164745799,77.53360479397796,EKF
12.981751010823972,77.53360952043133,EKF
12.981749537854999,77.5336112720075,EKF
12.981736713052651,77.53360521940624,EKF
12.981744803091907,77.53362984184723,EKF
12.981738021966313,77.53358242767901,EKF
12.981734460621608,77.53357399585157,EKF
12.981729680831224,77.53359900635098,EKF
12.981719197557789,77.53361236899136,EKF
12.981716240713721,77.53358088104635,EKF
12.981729010429538,77.53356428386567,EKF
12.981715011171183,77.53357047769391,EKF
12.98171878018921,77.5335734636569,EKF
12.981730322253313,77.53358252301138,EKF
12.981741783674686,77.53360104763472,EKF
12.981742427887779,77.53363559982758,EKF
12.981714420770501,77.5336485608793,EKF
12.981683710899075,77.53365610262014,EKF
12.981657719194585,77.53366667718939,EKF
12.981619075121882,77.53368833879946,EKF
12.981572832727004,77.53374959244967,EKF
12.982607366798725,77.53080413365988,EKF
12.982595943991521,77.53081527841684,EKF
12.982565162699043,77.53083409256367,EKF
12.982536116282567,77.53084664945327,EKF
12.982587095598909,77.53080829489123,EKF
12.982589969636809,77.5308089209815,EKF
12.982595771744865,77.53080680056043,EKF
12.982601392626572,77.53079934349779,EKF
12.982605909989362,77.5307822082378,EKF
12.982597467349382,77.53076645785055,EKF
12.982584721635346,77.53073952700362,EKF
12.982558996703972,77.53070517591163,EKF
12.98259133379769,77.53079527575845,EKF
12.98259133379769,77.53079527575845,EKF
12.982591731105293,77.53079119260201,EKF
12.982592101657586,77.53079119257646,EKF
12.982591830539382,77.53079137694688,EKF
12.98259580694538,77.53078811413111,EKF
12.98259842777049,77.53078611403424,EKF
12.982601735809961,77.53078817842454,EKF
12.982616856793411,77.53079563384576,EKF
12.98267887753616,77.53083421761411,EKF
12.982728416262782,77.53086515165869,EKF
12.982810373013177,77.53088693115112,EKF
12.98284913025121,77.53092500975596,EKF
12.982575663388495,77.53080236973338,EKF
12.982593440932611,77.53080375070121,EKF
12.982622326604895,77.5308164093046,EKF
12.98267451254052,77.53084116486427,EKF
12.982761123877298,77.53087336123997,EKF
12.982904593887502,77.53093658493758,EKF
12.983083402228837,77.53100267077787,EKF
12.982571792054024,77.53075204651729,EKF
12.982584256168863,77.5307683186241,EKF
12.982598662244332,77.53077405347287,EKF
12.982605449183847,77.53076878063426,EKF
12.982603740883741,77.53076754537612,EKF
12.982597477166372,77.53076139855962,EKF
12.982589260750492,77.53074825695234,EKF
12.982583302883972,77.53072289476812,EKF
12.982580632590953,77.53067024247734,EKF
12.982597139855105,77.53060670511503,EKF
12.982622627379552,77.5305034707451,EKF
12.982676709270555,77.53038433494768,EKF
12.982735320313596,77.53037180985655,EKF
12.982806218890149,77.53031633188083,EKF
12.982899834985746,77.53022202869627,EKF
12.98296808192413,77.5302261613462,EKF
12.98266102052643,77.53066239719384,EKF
12.982644562855873,77.53066647117322,EKF
12.984190427005919,77.52815410821002,EKF
12.984211095300154,77.52813903851468,EKF
12.98421015548819,77.52814054992136,EKF
12.984201118548862,77.52815146209346,EKF
12.98418322581937,77.52817842784846,EKF
12.984172047619445,77.52819799360465,EKF
12.984166010095757,77.52819419014072,EKF
12.984159014890805,77.52819443228154,EKF
12.98415245383465,77.528199087736,EKF
12.98415345706257,77.52819934584757,EKF
12.984158716435768,77.52819183374015,EKF
12.984115582024783,77.5282291739363,EKF
12.984119142484063,77.52822378229051,EKF
12.984121917522316,77.52822817944974,EKF
12.984121908484216,77.52822817944367,EKF
12.984121962708311,77.5282281425783,EKF
12.984122016959367,77.52822842827004,EKF
12.984123146531479,77.52822654809061,EKF
12.984128053294244,77.52821724855538,EKF
12.984127393556305,77.52821746996175,EKF
12.98412014707947,77.52823985614494,EKF
12.984119197823777,77.52823647399812,EKF
12.984120318086834,77.52823120268529,EKF
12.984103248000414,77.52825984747987,EKF
12.984102832372663,77.52826120225656,EKF
12.984125496978292,77.52823344223464,EKF
12.984122848385514,77.52822745201169,EKF
12.984114616170938,77.5282423093154,EKF
12.984117462821773,77.52823926739227,EKF
12.984135239196592,77.52822720069071,EKF
12.9841451809088,77.52822831468337,EKF
12.984176748814518,77.52821334433021,EKF
12.98417784232962,77.52821083250534,EKF
12.98419592514586,77.52818838012531,EKF
12.984228112743159,77.52812795368351,EKF
12.984277706415119,77.52805852912046,EKF
12.984312397800835,77.52800230322252,EKF
12.984293459804123,77.52795870383093,EKF
12.984286224614209,77.52790142564555,EKF
12.984251460219163,77.52784604633264,EKF
12.984162287649228,77.5277902224123,EKF
12.984053494857584,77.52764578850909,EKF
12.983924038745808,77.52767608491,EKF
12.983848478706985,77.5277426649298,EKF
12.983958137093419,77.5278690566334,EKF
12.983957414669133,77.52799679086174,EKF
12.98406974993543,77.5280512651359,EKF
12.984208812875945,77.52801559472962,EKF
12.984344618555863,77.52805397086564,EKF
12.984494112580613,77.52803225808573,EKF
12.9843226043054,77.52774618109203,EKF
12.984298897131335,77.52773978764426,EKF
12.984254890316754,77.52772663360173,EKF
12.984165537637308,77.5276802728701,EKF
12.984052213560698,77.52760089262334,EKF
12.983896108636882,77.52747324657844,EKF
12.985459921448443,77.52545587305,EKF
12.985244098206445,77.52526671895345,EKF
12.98506148491772,77.52485161442826,EKF
12.985470366159953,77.52542743747523,EKF
12.985496873798631,77.5254231740671,EKF
12.985491495607125,77.5254154954637,EKF
12.98548202284086,77.52540316276186,EKF
12.985473824476125,77.52539176164429,EKF
12.985453856880294,77.52535952335609,EKF
12.985425951847002,77.5253036443994,EKF
12.985403379312475,77.52524967202694,EKF
12.9853878114919,77.5252001422061,EKF
12.985351941448604,77.52511662224661,EKF
12.98534324264264,77.52507021657333,EKF
12.985330687792253,77.52505713217386,EKF
12.985314692351348,77.52507417982432,EKF
12.985306954052218,77.5250545884351,EKF
12.98528970706015,77.52502560498553,EKF
12.985271321109732,77.5249945005675,EKF
12.985305235669728,77.52504268452071,EKF
12.985322527453395,77.52506777071379,EKF
12.985334846566271,77.52507336412161,EKF
12.985343758803294,77.52508307766124,EKF
12.98531066374304,77.52509935885433,EKF
12.985275018332269,77.52509764745504,EKF
12.985258041414555,77.52505794873503,EKF
12.985233229451854,77.52502640851284,EKF
12.985282748419955,77.52503448715737,EKF
12.985337991564112,77.52498000938523,EKF
12.985391886278691,77.52500275568562,EKF
12.985409726394026,77.52499643922889,EKF
12.985439776593982,77.52498940116087,EKF
12.985467983427526,77.5249860594183,EKF
12.985447821560072,77.52500358765737,EKF
12.985470071740266,77.5249929849078,EKF
12.98541796439001,77.5249510931913,EKF
12.98541759384385,77.52495114853666,EKF
12.98541717809887,77.52495110250206,EKF
12.985417684270422,77.52495164618671,EKF
12.985416726215599,77.52495119472768,EKF
12.985408989432575,77.52494711285517,EKF
12.985384359973656,77.5249330329578,EKF
12.985312379429473,77.52489941787763,EKF
12.98523537456988,77.52487329485685,EKF
12.985497575151896,77.52500977073203,EKF
12.98548405397602,77.52500374462542,EKF
12.985468590195103,77.52500325776734,EKF
12.985456353151575,77.52500524083024,EKF
12.985453714301546,77.5250073148286,EKF
12.98546412571117,77.52500536858129,EKF
12.986030233530451,77.52208447113163,EKF
12.98606455094432,77.52208931265385,EKF
12.986029710775325,77.52209804700873,EKF
12.98603267527413,77.52209853451326,EKF
12.98603290120809,77.52209834074796,EKF
12.986027152438094,77.52209187136728,EKF
12.986014642348293,77.52207620510077,EKF
12.985995056334254,77.5220674151031,EKF
12.985967787695792,77.52205470017542,EKF
12.985936768134179,77.52203997627335,EKF
12.986004158049818,77.5220740347238,EKF
12.986020995273972,77.52207068659166,EKF
12.986031515150984,77.52206858359602,EKF
12.98604146623373,77.52207225070175,EKF
12.98603901698801,77.5220723891562,EKF
12.986035076325404,77.52207086861378,EKF
12.986024438229121,77.52206605909412,EKF
12.986022067805033,77.52204288096087,EKF
12.985996651304477,77.52202447059129,EKF
12.985984982233703,77.52201351387643,EKF
12.985933219610848,77.52198776866491,EKF
12.985909458736936,77.52198517323019,EKF
12.985879153706412,77.52197586964013,EKF
12.985893520105618,77.52194130068688,EKF
12.985929312507576,77.52196441239839,EKF
12.985916714724414,77.5219736850777,EKF
12.985941299566894,77.5219908616316,EKF
12.985941308604923,77.52199086162618,EKF
12.985941326680663,77.52199086162415,EKF
12.9859426371535,77.52199081576168,EKF
12.985942673304976,77.52199081575763,EKF
12.985943486794282,77.52199152518348,EKF
12.985940639431453,77.52198768291385,EKF
12.985940648470317,77.52198769212893,EKF
12.985940648470317,77.52198769212893,EKF
12.985940657508186,77.52198769212792,EKF
12.985940657508186,77.52198769212792,EKF
12.985940657508186,77.52198769212792,EKF
12.985940720758657,77.5219875538704,EKF
12.985940675569315,77.52198755387548,EKF
12.985940675569315,77.52198755387548,EKF
12.985940675569315,77.52198755387548,EKF
12.985940675569315,77.52198755387548,EKF
12.985940675569315,77.52198755387548,EKF
12.985940675569315,77.52198755387548,EKF
12.985940675569315,77.52198755387548,EKF
12.985940675569315,77.52198755387548,EKF
12.985940675569315,77.52198755387548,EKF
12.985940675569315,77.52198755387548,EKF
12.985940675569315,77.52198755387548,EKF
12.985940675569315,77.52198755387548,EKF
12.985940675569315,77.52198755387548,EKF
12.985940675569315,77.52198755387548,EKF
12.985940747856667,77.52198740640081,EKF
12.985940720742063,77.52198739718776,EKF
12.985940702673128,77.52198746170694,EKF
12.985940702673128,77.52198746170694,EKF
12.985940702673128,77.52198746170694,EKF
12.985940702673128,77.52198746170694,EKF
12.985940702673128,77.52198746170694,EKF
12.985940702673128,77.52198746170694,EKF
12.985940702673128,77.52198746170694,EKF
12.985940702673128,77.52198746170694,EKF
12.98594072978574,77.52198745248779,EKF
12.98594074786148,77.52198745248576,EKF
12.98594074786148,77.52198745248576,EKF
12.98594074786148,77.52198745248576,EKF
12.98594074786148,77.52198745248576,EKF
12.985940838228546,77.5219873418735,EKF
12.9859407930392,77.52198734187859,EKF
12.9859407930392,77.52198734187859,EKF
12.9859407930392,77.52198734187859,EKF
12.9859407930392,77.52198734187859,EKF
12.9859407930392,77.52198734187859,EKF
12.9859407930392,77.52198734187859,EKF
12.985940783998347,77.52198731423128,EKF
12.98594079303522,77.52198730501415,EKF
12.985940811113942,77.52198733266044,EKF
12.985940811113942,77.52198733266044,EKF
12.985940811113942,77.52198733266044,EKF
12.985940820150818,77.52198732344333,EKF
12.985940756881595,77.52198728659039,EKF
12.985940738805855,77.52198728659242,EKF
12.985940793011498,77.52198708382315,EKF
12.985940738784283,77.52198708382923,EKF
12.985940738784283,77.52198708382923,EKF
12.985940738784283,77.52198708382923,EKF
12.985940738784283,77.52198708382923,EKF
12.985940738784283,77.52198708382923,EKF
12.985940738784283,77.52198708382923,EKF
12.985940738784283,77.52198708382923,EKF
12.985940738784283,77.52198708382923,EKF
12.985940747823147,77.52198709304433,EKF
12.985940747818011,77.52198704696819,EKF
12.985940847206184,77.52198677967668,EKF
12.985940883389828,77.5219870745793,EKF
12.985939979774558,77.52198862286376,EKF
12.985938506816296,77.52199053053039,EKF
12.9869570565288,77.51993199816758,EKF
12.98695266471415,77.51993665197745,EKF
12.986951028974454,77.51993703816746,EKF
12.98696364476016,77.51992856883714,EKF
12.986991622152276,77.51989486195185,EKF
12.986996546733495,77.51988443581018,EKF
12.986986081707242,77.51989131159169,EKF
12.986980072254127,77.5198972190386,EKF
12.986980036101826,77.51989720982206,EKF
12.986980614573381,77.51989757834225,EKF
12.98697948481774,77.51989744951838,EKF
12.986981563351803,77.51989594712212,EKF
12.986979195599057,77.51989744041275,EKF
12.98697893358775,77.51989817770941,EKF
12.986980261961458,77.51989661100868,EKF
12.986980090290531,77.51989704420818,EKF
12.986980677718558,77.51989675845977,EKF
12.98698482550538,77.51989188316931,EKF
12.986985711531005,77.51989456494832,EKF
12.986989700384632,77.51992033060489,EKF
12.986991230826417,77.51987085256813,EKF
12.986991051172243,77.51988004057426,EKF
12.98698965944552,77.51988100850136,EKF
12.986990282913254,77.51987974581114,EKF
12.986990328099484,77.51987971815718,EKF
12.986990337143048,77.5198797642322,EKF
12.98699035521636,77.51987974580241,EKF
12.986990219659575,77.5198798564317,EKF
12.986990282916139,77.51987977346437,EKF
12.986990499790709,77.51987946006483,EKF
12.986990011746537,77.51987947856081,EKF
12.986990075051127,77.51987973646868,EKF
12.986992163214776,77.51988297980154,EKF
12.986998590108966,77.51989071978426,EKF
12.986998138007598,77.51988908883239,EKF
12.98699550752777,77.51988541229599,EKF
12.98700440163089,77.51989198151372,EKF
12.986993319911855,77.51988181868495,EKF
12.987658756516847,77.51818677915331,EKF
12.987673222375113,77.51815546936075,EKF
12.98767325852099,77.51815542327519,EKF
12.987673285634639,77.51815542327174,EKF
12.98767331274985,77.51815543247946,EKF
12.987673294672954,77.5181554232656,EKF
12.987673357957199,77.51815558916388,EKF
12.987672942218635,77.51815557994074,EKF
12.987674035895534,77.5181563909007,EKF
12.987674885515887,77.51815688848643,EKF
12.98768546948162,77.51816108869266,EKF
12.987698592711828,77.51816165666212,EKF
12.987710992398943,77.51815829899203,EKF
12.987736306955465,77.51815144492619,EKF
12.987747729486241,77.5181401348352,EKF
12.987738780579214,77.51813093205467,EKF
12.987745151439427,77.51812393602664,EKF
12.987733764477937,77.51813192105479,EKF
12.98771617094139,77.5181593707847,EKF
12.987729041279405,77.51816174577962,EKF
12.987730698241462,77.51818893678639,EKF
12.987733361462254,77.51824163882179,EKF
12.987775428243067,77.51827873849072,EKF
12.98783278426611,77.51829292528078,EKF
12.98789957328177,77.51828499038064,EKF
12.987796334029614,77.51806231455936,EKF
12.987794815615638,77.5180619922973,EKF
12.987794707129714,77.51806171579533,EKF
12.987794770361106,77.51806146698516,EKF
12.987794716118156,77.51806134719163,EKF
12.987794643816438,77.51806132872838,EKF
12.987794670903321,77.51806112598875,EKF
12.987794652802169,77.5180609601548,EKF
12.987794652801032,77.5180609509386,EKF
12.987794670859328,77.51806081269842,EKF
12.987794553256144,77.51805994643657,EKF
12.98779456227542,77.51805979898137,EKF
12.987794571282903,77.51805955936925,EKF
12.987794462875053,77.51805994647322,EKF
12.987794381528438,77.51805990040266,EKF
12.987797147040528,77.51805928260902,EKF
12.987793197472152,77.5180592648075,EKF
12.987793830102161,77.51805908039267,EKF
12.987793775841732,77.51805880390383,EKF
12.987793956585776,77.51805869328639,EKF
12.987793884232326,77.51805826933077,EKF
12.987793830002529,77.5180582416791,EKF
12.987793811925174,77.51805823247024,EKF
12.987793766706714,77.51805799285,EKF
12.987793613027078,77.51805770717274,EKF
12.987793603950166,77.5180573938284,EKF
12.987793612971934,77.51805725557433,EKF
12.987793612973064,77.51805726479053,EKF
12.987793622012305,77.51805726477433,EKF
12.987793450296168,77.51805730167109,EKF
12.987794896333147,77.51805710795101,EKF
12.987794742689593,77.51805710796565,EKF
12.987794724627673,77.51805722778849,EKF
12.98779471558979,77.51805722778965,EKF
12.987794697514024,77.51805722779197,EKF
12.987794751733832,77.51805716326666,EKF
12.987794037669381,77.51805659196921,EKF
12.987794308805622,77.51805656425081,EKF
12.987796215833127,77.51805675743137,EKF
12.98779309768103,77.51805624193442,EKF
12.987793070556265,77.51805615900221,EKF
12.987793423063392,77.51805635243191,EKF
12.987793206161228,77.51805639852557,EKF
12.987793323653243,77.51805638005808,EKF
12.987793332660956,77.5180561496722,EKF
12.987795637408379,77.51805672982171,EKF
12.987801078238409,77.51805693188658,EKF
12.987797381644244,77.51805616748098,EKF
12.987797580474265,77.51805613980696,EKF
12.987797553333383,77.51805591862181,EKF
12.987797553304572,77.51805570667952,EKF
12.987797517148051,77.51805566982439,EKF
12.98779752614191,77.51805531961797,EKF
12.987797544179559,77.51805502471758,EKF
12.987797562247158,77.51805496943317,EKF
12.98779755319476,77.51805485885005,EKF
12.987797363520187,77.51805586346937,EKF
12.987797905753283,77.51805566080928,EKF
12.987797318219192,77.51805508949563,EKF
12.987796441544317,77.51805506192416,EKF
12.987796260748752,77.51805473936051,EKF
12.987796369204709,77.51805475778905,EKF
12.987796540919717,77.51805471167609,EKF
12.98779672165103,77.51805447199683,EKF
12.98779669452263,77.51805435218981,EKF
12.987796676401253,77.51805399277569,EKF
12.98779664025835,77.51805406651488,EKF
12.9877967034879,77.51805378080985,EKF
12.987796640192533,77.51805353197574,EKF
12.987796640185936,77.51805344898989,EKF
12.987797046941644,77.5180537160067,EKF
12.987796938486587,77.51805369756813,EKF
12.987796911371351,77.51805368836042,EKF
12.987796793867515,77.51805357775608,EKF
12.987797471687825,77.51805335641046,EKF
12.987797164398001,77.51805335646988,EKF
12.987795203172842,77.51805328294121,EKF
12.987800418035873,77.51805339296831,EKF
12.987800408994355,77.51805335609467,EKF
12.987800418038127,77.51805337448577,EKF
12.9878004633185,77.51805399179929,EKF
12.98780021921328,77.51805333750096,EKF
12.987800228250709,77.51805333750481,EKF
12.987799514259313,77.51805333758116,EKF
12.98779225686589,77.51805333821414,EKF
12.987802126167228,77.51805339306574,EKF
12.987802343079814,77.51805340222909,EKF
12.987806066615114,77.51805265502514,EKF
12.987811362451563,77.51804971439182,EKF
12.987807729316868,77.518050756663,EKF
12.987809455464413,77.51805001911652,EKF
12.987816359397529,77.51804211113085,EKF
12.987817835467537,77.51806460628876,EKF
12.98784254433834,77.51798767839692,EKF
12.987833788441007,77.5180028961829,EKF
12.987833788868393,77.51800628764121,EKF
12.987833183796015,77.5180100202165,EKF
12.987833301260075,77.51800978979661,EKF
12.987831113371413,77.51800397470481,EKF
12.987826971983463,77.51798669384449,EKF
12.98782139231825,77.51795811254092,EKF
12.987817357226367,77.51792211181822,EKF
12.987836106015305,77.5180402755424,EKF
12.98783360976445,77.51802482835217,EKF
12.987833374699855,77.51802415556523,EKF
12.987833510393864,77.51802522469123,EKF
12.98783349229359,77.51802500347485,EKF
12.98783358267351,77.51802503113694,EKF
12.987833636890516,77.51802500355676,EKF
12.987833953308064,77.51802577771639,EKF
12.987833447566857,77.51802928972718,EKF
12.987833366105558,77.51802831282143,EKF
12.987833610245442,77.51802934511394,EKF
12.98782834265928,77.51804248017964,EKF
12.987818800076113,77.51805453691482,EKF
12.987804214340779,77.51806607765567,EKF
12.987775927824876,77.51808300259648,EKF
12.987772817568851,77.51807401855528,EKF
12.987750042038128,77.5180740315574,EKF
12.98770715714539,77.5180730513429,EKF
12.9876552434094,77.5180722476871,EKF
12.987831112921914,77.5180053824046,EKF
12.987820982361672,77.51801345810061,EKF
12.987821000437432,77.5180134580983,EKF
12.987820991399554,77.51801345809946,EKF
12.987820982361672,77.51801345810061,EKF
12.987821081773356,77.51801340277065,EKF
12.987821750588974,77.51801346714802,EKF
12.987821325795194,77.5180134212069,EKF
12.987822039774997,77.51801325513858,EKF
12.987824398784628,77.51801414866601,EKF
12.987822021481483,77.51801165174493,EKF
12.987822012442695,77.51801165175614,EKF
12.987821696112796,77.51801165184187,EKF
12.9878219491873,77.51801175317247,EKF
12.987821560563473,77.51801177162451,EKF
12.98781974393846,77.51801183658168,EKF
12.98782094596057,77.51801167048596,EKF
12.987821849773322,77.51801184544254,EKF
12.987831050519034,77.5180126543637,EKF
12.987824552119104,77.51801209405387,EKF
12.987835831370004,77.51801122536698,EKF
12.987843802541375,77.51800922434646,EKF
12.987845817632122,77.51800659783046,EKF
12.987852848634462,77.5180025045433,EKF
12.987851592557279,77.51800393308334,EKF
12.987849261819376,77.51801193250354,EKF
12.987846923476562,77.51803142432969,EKF
12.987820262922678,77.51810962966567,EKF
12.987821769720625,77.5182260530308,EKF
12.98788962335824,77.51793077659275,EKF
12.987884111531352,77.5179407856308,EKF
12.987884156717325,77.51794075797642,EKF
12.987883976001273,77.51794107131991,EKF
12.987884743989088,77.51793935722628,EKF
12.987883939178923,77.51793617824242,EKF
12.987883686574374,77.51793959711902,EKF
12.987883297968072,77.51793972612512,EKF
12.987883334120722,77.51793973533667,EKF
12.987883406420542,77.51793971690508,EKF
12.98788349679751,77.51793969845603,EKF
12.987883298002444,77.5179400118371,EKF
12.987883288968446,77.51794003948179,EKF
12.987883270892691,77.51794003948412,EKF
12.987883252818074,77.51794004870263,EKF
12.98788322571127,77.51794010400324,EKF
12.987883288977349,77.51794010398505,EKF
12.987883325130516,77.517940094734,EKF
12.987883252844108,77.51794023299118,EKF
12.987883198620926,77.51794026986795,EKF
12.987883207658808,77.5179402698668,EKF
12.987882484791902,77.5179415694123,EKF
12.987882096204807,77.5179419104663,EKF
12.98788215948155,77.51794201184633,EKF
12.987882159479273,77.51794199341396,EKF
12.987882213705403,77.5179419841908,EKF
12.987882222768077,77.51794219617713,EKF
12.987882249904949,77.51794238049241,EKF
12.987882204728296,77.51794249110257,EKF
12.987882304175441,77.51794274915824,EKF
12.987882286074635,77.51794254640436,EKF
12.987882286046581,77.51794233445213,EKF
12.98788223159928,77.51794056496566,EKF
12.987882385416249,77.5179419842644,EKF
12.987882358290554,77.51794188288476,EKF
12.987882267950955,77.5179421962418,EKF
12.987882358335431,77.51794224231115,EKF
12.98788253915365,77.51794270305717,EKF
12.987882548179932,77.51794260166785,EKF
12.987882728710368,77.51794070302886,EKF
12.987879428604147,77.51793015988918,EKF
12.987885214332138,77.5179431829573,EKF
12.987884437028669,77.51794271290053,EKF
12.987884437026649,77.51794268523686,EKF
12.987884464143233,77.51794271288699,EKF
12.987884464158034,77.51794283269746,EKF
12.987884247267495,77.51794295249552,EKF
12.987884247281618,77.51794306308476,EKF
12.987884039430815,77.51794318286152,EKF
12.987883849704216,77.51794371739473,EKF
12.98788356960416,77.51794426111043,EKF
12.987883542477379,77.51794413205704,EKF
12.987883361780678,77.51794460207576,EKF
12.987883162708133,77.51794262055998,EKF
12.987883180815313,77.51794296167249,EKF
12.98788302723608,77.51794339473234,EKF
12.987883000113126,77.51794331178004,EKF
12.987883126887573,77.5179454501364,EKF
12.987882620010716,77.51793899842015,EKF
12.987882193625776,77.5179253668629,EKF
12.987881911645246,77.51790995635493,EKF
12.987883188590905,77.51793273168005,EKF
12.987885430504726,77.51793727542201,EKF
12.987886027372307,77.51794032600503,EKF
12.987885874019069,77.51794331291616,EKF
12.987885395534327,77.5179481522878,EKF
12.987886867783985,77.51793886899381,EKF
12.987895477832309,77.51790994181127,EKF
12.987918398151344,77.51791595303216,EKF
12.987929793631274,77.5179068937991,EKF
12.987898642827787,77.51793331684088,EKF
12.987896278355558,77.5179582337092,EKF
12.987866274848011,77.51804450333113,EKF
12.987858810655096,77.51812304877458,EKF
12.987945700301223,77.51831269046221,EKF
12.98800861120223,77.51783844070634,EKF
12.98797643367445,77.5178897793046,EKF
12.987973724323735,77.51790383148452,EKF
12.987970470728515,77.51790398837649,EKF
12.987967533928396,77.51790779464632,EKF
12.987968998306592,77.5179090377059,EKF
12.98796980265285,77.51790860413423,EKF
12.987969667257588,77.51790988505053,EKF
12.987969585923581,77.51790994035812,EKF
12.987969459393547,77.51790994960065,EKF
12.987969495545038,77.51790994959602,EKF
12.987969667268738,77.5179099403023,EKF
12.987963313660513,77.51791119598718,EKF
12.987941912412039,77.5179184383573,EKF
12.98792505780518,77.51793000196525,EKF
12.987934086681243,77.51792846843053,EKF
12.987944289909715,77.51792252970024,EKF
12.987981424681243,77.51790121797795,EKF
12.987984966971009,77.51789562187393,EKF
12.987967913919027,77.51791054038625,EKF
12.987967471048506,77.51791049445802,EKF
12.987972215730457,77.51790795821202,EKF
12.987971881359016,77.51790828092744,EKF
12.987970128050396,77.51790892671944,EKF
12.987970055704647,77.51790860419241,EKF
12.987970344956683,77.51790888980665,EKF
12.987971158527953,77.51791031835725,EKF
12.987971899700304,77.51791096353116,EKF
12.987972225031239,77.51791067775727,EKF
12.987971972039189,77.51791149837821,EKF
12.987971809401548,77.51791203316981,EKF
12.987970599066852,77.51791911277807,EKF
12.987974899339314,77.51790280603807,EKF
12.987974592118812,77.51790344211551,EKF
12.987974854217585,77.51790344207677,EKF
12.987974953786773,77.51790481545741,EKF
12.987975288462907,77.5179073133591,EKF
12.987975017336467,77.51790744248613,EKF
12.987975614182009,77.51791058557791,EKF
12.987975306574295,77.51790810660411,EKF
12.987975306574295,77.51790810660411,EKF
12.98797528849561,77.51790807895283,EKF
12.987975812862206,77.51790960897412,EKF
12.987975948441917,77.51790966420342,EKF
12.98797571347795,77.51790983935128,EKF
12.98797571349151,77.5179099684031,EKF
12.987975686375133,77.51790994997924,EKF
12.987975704444997,77.51790989466971,EKF
12.987976002742581,77.51791032785265,EKF
12.9879772772933,77.51791215265013,EKF
12.98798167048795,77.51791947095246,EKF
12.987977431068094,77.51791362775953,EKF
12.987977069506082,77.51791320380596,EKF
12.987977078543956,77.5179132038048,EKF
12.987977078544432,77.51791320379976,EKF
12.987977331534418,77.51791259544848,EKF
12.987976915924584,77.51791376608872,EKF
12.987977042190668,77.51791154486048,EKF
12.987976978922449,77.51791150798874,EKF
12.987977033156337,77.51791155405262,EKF
12.987977240941415,77.51791086281689,EKF
12.987977132543952,77.5179113236402,EKF
12.987977168689078,77.51791126833339,EKF
12.98797728620972,77.51791156332195,EKF
12.987977186793911,77.51791155409839,EKF
12.987978226272704,77.51791269695842,EKF
12.987978795659798,77.51791280761047,EKF
12.98797818102522,77.51791222693869,EKF
12.987975370103731,77.51791077998577,EKF
12.987977195771549,77.51791114869081,EKF
12.987977548206365,77.51791080764656,EKF
12.987977322377459,77.51791175693785,EKF
12.987977403698622,77.51791160948352,EKF
12.987977394659609,77.5179116002685,EKF
12.987977385614723,77.51791153574626,EKF
12.987977105419828,77.51791135143839,EKF
12.987975369953148,77.51790950808139,EKF
12.987978388874858,77.51791201488926,EKF
12.98797640943245,77.51791072476162,EKF
12.987982754417782,77.51791450329318,EKF
12.988000686820309,77.51792532154305,EKF
12.987971574053548,77.51791052359985,EKF
12.987971763849027,77.51791053280171,EKF
12.987971745759424,77.51791041298353,EKF
12.987971736721551,77.51791041298469,EKF
12.98797204402598,77.51791056041928,EKF
12.987976383036164,77.51791718616887,EKF
12.987961992507046,77.51789913355974,EKF
12.987965038958167,77.51790457055168,EKF
12.987972895355888,77.51792431935657,EKF
12.987985788027554,77.51796086752474,EKF
12.98799357596034,77.51794446886824,EKF
12.987976194193907,77.51792827764812,EKF
12.987974540139135,77.51792740249428,EKF
12.9879745491827,77.51792744857406,EKF
12.987974476879742,77.51792744858334,EKF
12.987974467841868,77.5179274485845,EKF
12.987974467841868,77.5179274485845,EKF
12.987974467841868,77.5179274485845,EKF
12.987974467841868,77.5179274485845,EKF
12.987974467841868,77.5179274485845,EKF
12.987974467841868,77.5179274485845,EKF
12.987974467841868,77.5179274485845,EKF
12.987974467841868,77.5179274485845,EKF
12.987974467841868,77.5179274485845,EKF
12.987974467841868,77.5179274485845,EKF
12.987974467841868,77.5179274485845,EKF
12.987974467841868,77.5179274485845,EKF
12.987974467841868,77.5179274485845,EKF
12.987974467841868,77.5179274485845,EKF
12.987974467841868,77.5179274485845,EKF
12.987974467841868,77.5179274485845,EKF
12.987974467841868,77.5179274485845,EKF
12.987974467841868,77.5179274485845,EKF
12.987974467841868,77.5179274485845,EKF
12.987974467841868,77.5179274485845,EKF
12.987974467841868,77.5179274485845,EKF
12.987974467841868,77.5179274485845,EKF
12.987974467841868,77.5179274485845,EKF
12.987974494960996,77.51792748543569,EKF
12.987974621569661,77.51792821361897,EKF
12.987977984643013,77.51793687729271,EKF
12.987983734879494,77.51795524564515,EKF
12.987997340819534,77.5179883868059,EKF
12.988028862528395,77.51804278639437,EKF
12.988069258531478,77.51809117733926,EKF
12.988112894501407,77.51810546298914,EKF
12.988168564631822,77.51815750441668,EKF
12.988049421683375,77.51803015286256,EKF
12.988044918110033,77.51800987081495,EKF
12.988040145868531,77.5180070779328,EKF
12.988032851844068,77.51800223902397,EKF
12.988022963855586,77.51799708768034,EKF
12.988009831216674,77.51799151283866,EKF
12.988016194237233,77.5179955593503,EKF
12.988012931694476,77.51799700723738,EKF
12.987976853771423,77.51800448281674,EKF
12.987944836199713,77.51803026938832,EKF
12.988059322967247,77.51800400619238,EKF
12.988049317964316,77.51800290102557,EKF
12.988046968088524,77.51800257866999,EKF
12.988047049428323,77.51800257866961,EKF
12.988047130759677,77.51800251416098,EKF
12.988047148850335,77.51800264319526,EKF
12.988047112704526,77.51800256931969,EKF
12.988046561457065,77.51800312242165,EKF
12.98804649818989,77.51800311322363,EKF
12.988046534359075,77.51800323299922,EKF
12.988046561464069,77.51800315926127,EKF
12.988046425907614,77.5180032606667,EKF
12.98804315454987,77.51800579515961,EKF
12.988046163501236,77.51800103995197,EKF
12.988047202750742,77.51800022884487,EKF
12.988047238899226,77.51800025655412,EKF
12.98804741963686,77.51800010908708,EKF
12.988047392536595,77.5180002012323,EKF
12.988047031056194,77.51800039471296,EKF
12.988047121454473,77.51800056982894,EKF
12.988047049161018,77.51800060665269,EKF
12.988046949797432,77.51800103983106,EKF
12.98804650715027,77.5180026803081,EKF
12.988046931754907,77.51800123327774,EKF
12.988047220940958,77.5180009935797,EKF
12.988052281399067,77.51799479947474,EKF
12.988046705849184,77.51800174041789,EKF
12.988046525082646,77.51800165748537,EKF
12.988048775151166,77.51799900326783,EKF
12.988046778205693,77.5180023304403,EKF
12.988045657675906,77.51800385148027,EKF
12.98804740180857,77.51800259806683,EKF
12.988047826542742,77.51800222936507,EKF
12.988047980201706,77.5180023491507,EKF
12.98804801638889,77.51800263484272,EKF
12.988047808577722,77.5180031510158,EKF
12.988047727296196,77.51800363949397,EKF
12.988047826735897,77.51800385148357,EKF
12.98804784481633,77.51800389757221,EKF
12.98804769124451,77.51800452434762,EKF
12.98804770028302,77.51800453356766,EKF
12.98804770028007,77.51800453359782,EKF
12.988048396023192,77.51800315110128,EKF
12.988049408132815,77.51800209111552,EKF
12.98805726085068,77.51799264373709,EKF
12.988049787838365,77.51800278197402,EKF
12.988049932418887,77.518002560747,EKF
12.988049968585274,77.51800268977897,EKF
12.988050058923648,77.51800236720602,EKF
12.988049805895876,77.51800266219651,EKF
12.988049769745553,77.51800267141732,EKF
12.988049769735325,77.51800258847169,EKF
12.988049814909383,77.51800246866054,EKF
12.98805000469836,77.51800242256031,EKF
12.988049832975712,77.51800237647629,EKF
12.988050402435364,77.51800299390764,EKF
12.988049679369093,77.5180026252676,EKF
12.98805019457957,77.51800298455228,EKF
12.98805295083841,77.51800066175593,EKF
12.988060108365545,77.51799657764175,EKF
12.988050239828835,77.51800372215769,EKF
12.988048920315695,77.5180038605897,EKF
12.98804957102121,77.5180036484788,EKF
12.988049589103756,77.51800370377357,EKF
12.98804970658813,77.5180037038389,EKF
12.988049815047729,77.51800372222722,EKF
12.988048640153782,77.5180039250987,EKF
12.98804946256005,77.51800356551188,EKF
12.988047854008887,77.5180053355267,EKF
12.988047872083479,77.5180053263082,EKF
12.988047881121343,77.51800532630703,EKF
12.988047899195596,77.5180053263198,EKF
12.988048170292643,77.51800493911492,EKF
12.98804825161957,77.5180048746515,EKF
12.988048215458837,77.51800481938417,EKF
12.988048206415938,77.51800478252562,EKF
12.988048215443419,77.51800469035258,EKF
12.98804826964594,77.51800447835836,EKF
12.988048296727554,77.51800421107554,EKF
12.988048423237847,77.51800405438924,EKF
12.98804862206601,77.51800399904656,EKF
12.988050095145194,77.51800312316455,EKF
12.988048495478498,77.51800347366499,EKF
12.988046353525835,77.51800400893546,EKF
12.988043795930869,77.51800514304976,EKF
12.988043506809792,77.51800571428413,EKF
12.988043317047957,77.51800594466278,EKF
12.988043335123534,77.51800593543423,EKF
12.988043298976129,77.51800597230861,EKF
12.988043389343899,77.51800588013019,EKF
12.988043488746436,77.51800577875451,EKF
12.988043606224414,77.51800563124033,EKF
12.988043561033464,77.51800562203498,EKF
12.988043615248795,77.51800552987122,EKF
12.98804363330001,77.51800532710786,EKF
12.98804338031159,77.51800606463085,EKF
12.988042720533944,77.51800622172716,EKF
12.988037984740064,77.51800720000324,EKF
12.9880385089216,77.51800703398447,EKF
12.988028422692205,77.51800839149807,EKF
12.98803347473976,77.51800720167165,EKF
12.988033402437344,77.5180072016759,EKF
12.988033420505115,77.51800713716031,EKF
12.988033185536926,77.51800720161829,EKF
12.98803333924045,77.51800781002231,EKF
12.988033492879591,77.5180077731379,EKF
12.988033501917124,77.518007782368,EKF
12.988033429606572,77.51800773631646,EKF
12.988033465751053,77.5180076717885,EKF
12.988033429557394,77.51800732156819,EKF
12.988033447594654,77.51800698975822,EKF
12.988033492761733,77.51800680542378,EKF
12.988033574120374,77.51800693441979,EKF
12.988034008010406,77.51800751497356,EKF
12.988034279097105,77.51800715555797,EKF
12.988033782001137,77.51800702657003,EKF
12.988033763882775,77.51800656561757,EKF
12.988033501783253,77.51800656566624,EKF
12.988033058928579,77.51800657494422,EKF
12.988035544247099,77.51800582813502,EKF
12.988035173691626,77.51800576361899,EKF
12.988034767080205,77.5180066762791,EKF
12.988032634179408,77.51800734982615,EKF
12.988033113120133,77.51800675063258,EKF
12.988028702781023,77.51800833696895,EKF
12.98803109779478,77.51800799543713,EKF
12.988038400381496,77.5180072655736,EKF
12.988031667008,77.51800679751184,EKF
12.988032344835773,77.5180066406745,EKF
12.9880321098523,77.51800664069458,EKF
12.988030437830188,77.51800651189745,EKF
12.988036231197249,77.5180072945302,EKF
12.988036267350978,77.51800731295792,EKF
12.98803627638884,77.51800731295677,EKF
12.988036276388193,77.51800730373556,EKF
12.98803633061116,77.51800725763262,EKF
12.98803633061165,77.5180072576276,EKF
12.988036321575413,77.51800726683992,EKF
12.98803632156632,77.51800719311046,EKF
12.988036339611872,77.51800691658252,EKF
12.988036158836033,77.5180068614292,EKF
12.988035806353977,77.51800686152964,EKF
12.988035905738705,77.51800652041268,EKF
12.98803577017077,77.51800649274634,EKF
12.988036357657474,77.51800655700342,EKF
12.988036438999206,77.51800658466667,EKF
12.988036565529788,77.51800658464542,EKF
12.98803653840969,77.51800654780426,EKF
12.988035996145786,77.51800669543819,EKF
12.98803530022894,77.51800678781986,EKF
12.988035354455631,77.51800678781792,EKF
12.988035553284377,77.51800679706389,EKF
12.988035318282092,77.51800661272014,EKF
12.988035607473249,77.51800647447553,EKF
12.988035950909142,77.51800644677793,EKF
12.988035598390086,77.51800611505567,EKF
12.988035164474907,77.51800532251971,EKF
12.988035155404084,77.51800505525162,EKF
12.988035182492025,77.51800484327096,EKF
12.988035146316722,77.51800462205206,EKF
12.988035064972701,77.51800460364018,EKF
12.98803503785131,77.51800454835661,EKF
12.988035037835555,77.51800442855632,EKF
12.988035055888062,77.5180042442354,EKF
12.988035064915696,77.5180041612886,EKF
12.988035146233942,77.51800390312964,EKF
12.98803517333489,77.51800376483821,EKF
12.988035191391297,77.51800360816083,EKF
12.988035209425616,77.51800327638101,EKF
12.988035155187232,77.51800319345239,EKF
12.988035200353497,77.51800299067051,EKF
12.988035308784308,77.51800281556926,EKF
12.98803483872186,77.51800209681764,EKF
12.988034883890718,77.51800193092058,EKF
12.988034865810446,77.51800189405817,EKF
12.988034802513923,77.51800159909824,EKF
12.988034883820122,77.51800129492368,EKF
12.9880348928174,77.51800095390874,EKF
12.988034838571226,77.51800078800936,EKF
12.988034829484329,77.5180003824885,EKF
12.98803482946745,77.5180002257883,EKF
12.988034811368989,77.51800004146698,EKF
12.988034811360214,77.51799998618999,EKF
12.98803482038655,77.5179998848008,EKF
12.988034802265199,77.51799950692964,EKF
12.988035371727118,77.51800005974206,EKF
12.988034811264543,77.517999258172,EKF
12.988034856442981,77.51799916599937,EKF
12.98803463958164,77.51799961770548,EKF
12.98803426885876,77.51799817995838,EKF
12.988034304991379,77.51799802327365,EKF
12.98803429592105,77.51799772831681,EKF
12.988034250764036,77.51799801405437,EKF
12.98803421460529,77.51799793108323,EKF
12.988034431391675,77.51799673269052,EKF
12.988034404278572,77.51799673268897,EKF
12.988034404264127,77.51799660364735,EKF
12.988034377107178,77.51799624420971,EKF
12.988034368071432,77.517996253417,EKF
12.988034521696736,77.5179961520796,EKF
12.988034449354066,77.51799577415508,EKF
12.988034304724579,77.51799550680889,EKF
12.98803521768171,77.5179967510874,EKF
12.988035353177873,77.51799618890809,EKF
12.988034738564508,77.51799587563673,EKF
12.98803442224003,77.51799600485964,EKF
12.988032036234522,77.5179962451884,EKF
12.988036591218295,77.5179951013706,EKF
12.98803778422321,77.51799473203253,EKF
12.98805299526112,77.51799400711312,EKF
12.988025791059222,77.51799811937175,EKF
12.98802969532439,77.51799709551827,EKF
12.988029604946409,77.51799710475106,EKF
12.988029080714002,77.5179967822168,EKF
12.988029026487329,77.51799672685128,EKF
12.988028927112202,77.51799722474381,EKF
12.988028059472093,77.51799751097381,EKF
12.988028836747342,77.51799745531068,EKF
12.988028782506523,77.51799734472348,EKF
12.988028881919275,77.51799732629345,EKF
12.988028872847963,77.51799703134668,EKF
12.988028872821822,77.51799681937455,EKF
12.988028863783315,77.51799678247077,EKF
12.988028782401962,77.51799641378373,EKF
12.988028764284834,77.51799605432488,EKF
12.98802871005636,77.51799603588942,EKF
12.988028800415677,77.51799582383532,EKF
12.98802873716039,77.51799587911034,EKF
12.98803014717044,77.51799668991822,EKF
12.988028122559813,77.51799599019044,EKF
12.988027996003423,77.51799579669202,EKF
12.988027986967026,77.51799579667811,EKF
12.988027996003751,77.51799578746076,EKF
12.988027995986698,77.51799564921807,EKF
12.988027995986698,77.51799564921807,EKF
12.98802799598264,77.51799561234832,EKF
12.98802797788337,77.5179954095796,EKF
12.988027959787338,77.5179952529169,EKF
12.98802795074948,77.51799525291807,EKF
12.988027941683683,77.5179950225097,EKF
12.988027968763973,77.51799476446826,EKF
12.988027643407056,77.51799494900447,EKF
12.988024760158687,77.51799481270976,EKF
12.988018433073298,77.5179917004934,EKF
12.988004575724311,77.51797804112032,EKF
12.988015522568878,77.51798794833356,EKF
12.988016272815507,77.51798860234474,EKF
12.988016281854506,77.51798861155974,EKF
12.988016281852882,77.51798860234861,EKF
12.988016345150866,77.51798875887476,EKF
12.988016390476435,77.51798974484932,EKF
12.988015269995714,77.5179912561599,EKF
12.98801999393487,77.51797149122004,EKF
12.988044285784738,77.51795833042804,EKF
12.98806786689081,77.51796988548512,EKF
12.988077685460905,77.51799904567336,EKF
12.988075068621704,77.51803393086671,EKF
12.988023209555143,77.51810367913964,EKF
12.987988976692547,77.51797205084362,EKF
12.987981884443954,77.51799014982028,EKF
12.987965720625168,77.51802437345003,EKF
12.98794390386882,77.51808999691183,EKF
12.98791482722901,77.51819963426249,EKF
12.988035287334515,77.51797832257789,EKF
12.988036291661354,77.51798334008839,EKF
12.988036273592611,77.51798340461404,EKF
12.988036246476408,77.51798339541642,EKF
12.988036219363467,77.51798340464111,EKF
12.988036210326896,77.51798342308469,EKF
12.988036192254741,77.5179834599618,EKF
12.988036074773074,77.51798353369124,EKF
12.988036246499156,77.51798357974006,EKF
12.98803623746161,77.5179835981937,EKF
12.988035523426815,77.51798325730165,EKF
12.988035017284318,77.51798313763163,EKF
12.988035116697231,77.51798312842784,EKF
12.988035053434457,77.51798314686832,EKF
12.98803517092636,77.51798315608451,EKF
12.988035116709238,77.51798325749462,EKF
12.988035225167335,77.51798330358172,EKF
12.988035324589841,77.51798336810235,EKF
12.988035297475095,77.51798338657338,EKF
12.988035360744846,77.51798343265624,EKF
12.988035333631261,77.5179834326597,EKF
12.98803531555553,77.51798343266204,EKF
12.988035333628337,77.51798340500613,EKF
12.988035360740962,77.51798337732897,EKF
12.988035532459884,77.51798337731198,EKF
12.9880355957264,77.51798337728877,EKF
12.98803568611385,77.51798337718668,EKF
12.988034736688423,77.51798005066918,EKF
12.988036788795961,77.5179838654777,EKF
12.988039790688875,77.51799318088315,EKF
12.988042675320804,77.51800431181755,EKF
12.988043462792104,77.51801270620757,EKF
12.988041242959751,77.51803700457813,EKF
12.988034620310957,77.51805126848755,EKF
12.988039548883185,77.51800934381211,EKF
12.988039557923319,77.51800936224332,EKF
12.988039603112155,77.51800936224255,EKF
12.988040154288207,77.51800841307586,EKF
12.98803979285984,77.51800907664216,EKF
12.98804006394659,77.5180086895428,EKF
12.988040199502064,77.51800858814741,EKF
12.988040244665566,77.51800839462186,EKF
12.988039928397134,77.51800882778784,EKF
12.988040009729097,77.51800882786785,EKF
12.988040298735733,77.51800737193516,EKF
12.988040243323063,77.51799949429699,EKF
12.988040604928646,77.5179997147857,EKF
12.988040604927663,77.51799971479575,EKF
12.988040604926525,77.51799970557956,EKF
12.988040541652047,77.51799964108947,EKF
12.98804050550059,77.51799964109411,EKF
12.988040496462725,77.51799964109526,EKF
12.988040496461101,77.51799963188411,EKF
12.988040469347016,77.51799963189261,EKF
12.988040442232931,77.51799963190112,EKF
12.988040424156713,77.51799963190845,EKF
12.988040433193595,77.51799963191735,EKF
12.988040424154596,77.51799962270233,EKF
12.988040433191326,77.51799961348497,EKF
12.98804049649567,77.51799993604827,EKF
12.988040478477108,77.51800038762845,EKF
12.988040758541006,77.51799965972018,EKF
12.988039972021166,77.51799794575685,EKF
12.98803805527019,77.51799290579645,EKF
12.988038371728695,77.51799385485674,EKF
12.988037775110747,77.51799294259658,EKF
12.988037711845369,77.51799295183595,EKF
12.988037738958958,77.51799295183247,EKF
12.988037530793003,77.5179907586592,EKF
12.98803716993743,77.5179957349813,EKF
12.988037197050042,77.51799573498788,EKF
12.98803730552187,77.51799575325052,EKF
12.988039023191483,77.51799901480992,EKF
12.988040722494455,77.51800029537002,EKF
12.98803219768798,77.51798580261614,EKF
12.988032450755153,77.51798583942326,EKF
12.98803260438456,77.5179856642207,EKF
12.988032595328171,77.51798552599422,EKF
12.988032676647336,77.51798535087634,EKF
12.988032676651715,77.51798540619858,EKF
12.988032839349179,77.51798553520425,EKF
12.988032956841408,77.51798553518917,EKF
12.988033065336548,77.51798585773153,EKF
12.988033092445102,77.51798582086836,EKF
12.988033155712907,77.51798583928759,EKF
12.988033191884659,77.5179860236317,EKF
12.988033399759594,77.51798603279106,EKF
12.988033399746254,77.51798596833311,EKF
12.988033887819986,77.51798615252875,EKF
12.988037675249208,77.51798982816322,EKF
12.988035116983438,77.51798651211386,EKF
12.988035207322918,77.51798619875714,EKF
12.988035388082952,77.5179862171613,EKF
12.988035089826479,77.51798615267622,EKF
12.98803522541603,77.51798632776628,EKF
12.988035126046158,77.51798670564246,EKF
12.988035153175986,77.51798685311797,EKF
12.988034918226443,77.51798717576474,EKF
12.988034502523085,77.51798744303203,EKF
12.988034809768857,77.51798710198888,EKF
12.988034773646161,77.51798732316678,EKF
12.98803474653777,77.51798736925619,EKF
12.98803477364,77.51798724940717,EKF
12.988032061978803,77.51798521350183,EKF
12.98803616569541,77.51798888948265,EKF
12.988036590581109,77.51798968193431,EKF
12.988036427888336,77.51798962670333,EKF
12.98803640983909,77.51798982944655,EKF
12.988036427924559,77.5179899123949,EKF
12.988036256228227,77.51799008750928,EKF
12.988036274330925,77.51799029024285,EKF
12.988036265294198,77.51799029946018,EKF
12.98803617494336,77.51799049297136,EKF
12.9880362472604,77.51799060355124,EKF
12.988036256306065,77.51799065883712,EKF
12.98803583142465,77.51798980174652,EKF
12.988036409985781,77.5179909906502,EKF
12.988036663106064,77.51799146984912,EKF
12.988036635994746,77.51799148828498,EKF
12.988036708349465,77.51799191222506,EKF
12.988036699344246,77.51799218872674,EKF
12.988036834919331,77.51799226245892,EKF
12.988036220352273,77.5179922809148,EKF
12.98803612096906,77.51799256664927,EKF
12.988036148096942,77.51799268646117,EKF
12.988036066783312,77.51799287074999,EKF
12.988036148194734,77.51799345136904,EKF
12.988036112043925,77.5179934605949,EKF
12.988036066880282,77.51799364489415,EKF
12.988035822850655,77.51799358963338,EKF
12.988035813816204,77.51799361728308,EKF
12.988035804798486,77.51799376472304,EKF
12.988035777732646,77.51799415180612,EKF
12.988035768736024,77.51799450204228,EKF
12.988035859139183,77.51799470479172,EKF
12.98803552485419,77.51799564488508,EKF
12.9880354343721,77.51799480622418,EKF
12.988036555038947,77.51799481559821,EKF
12.988036482730019,77.51799477875784,EKF
12.98803649176902,77.51799478797287,EKF
12.988036500825562,77.51799493542558,EKF
12.988036473706446,77.51799489857439,EKF
12.98803650083076,77.5179949815115,EKF
12.988036437567832,77.51799499072575,EKF
12.988036527922104,77.51799479717938,EKF
12.988037133462646,77.5179948985702,EKF
12.988036356166804,77.51799450227858,EKF
12.98803633809594,77.5179945575981,EKF
12.988036310986901,77.51799459446629,EKF
12.988036301947895,77.51799458525126,EKF
12.988036265795307,77.51799457603973,EKF
12.98803695277705,77.51799539616161,EKF
12.988036817253416,77.51799552491401,EKF
12.98803442198589,77.51799388506258,EKF
12.988032578065885,77.51799262309441,EKF
12.988030544377953,77.51799149006153,EKF
12.988030598555895,77.51799115835753,EKF
12.988038353496313,77.51799417944102,EKF
12.98801582092919,77.51798723659832,EKF
12.98801808048593,77.51798773367551,EKF
12.988021867814465,77.51799078284044,EKF
12.98801678791697,77.5179859913599,EKF
12.988031601845814,77.51799300290767,EKF
12.988027932275827,77.51799140898912,EKF
12.9880278961182,77.51799136291788,EKF
12.988027878041827,77.51799135369899,EKF
12.988027869004451,77.51799135369512,EKF
12.988028022652669,77.51799139054013,EKF
12.988032659653124,77.51799588721536,EKF
12.988023647975721,77.51798829414794,EKF
12.988023620868953,77.51798834944849,EKF
12.988023638959623,77.51798847848275,EKF
12.98802366606638,77.51798856160084,EKF
12.98802181311556,77.51798677357277,EKF
12.98802259050904,77.51798800859706,EKF
12.988022599586866,77.51798831270472,EKF
12.988018767230574,77.51798641536702,EKF
12.988003249647534,77.51799151599586,EKF
12.988011962731282,77.5179969440874,EKF
12.98802605165919,77.51798923908304,EKF
12.988031951946663,77.51797812427799,EKF
12.988066842389376,77.51794123853091,EKF
12.988073845341356,77.51793073211789,EKF
12.988037474274398,77.5179813882339,EKF
12.988038197491516,77.51798271501944,EKF
12.98803798068626,77.51798343375833,EKF
12.988050289159824,77.5179747968961,EKF
12.988063991085165,77.51797872078279,EKF
12.988057972432845,77.51798433553066,EKF
12.988059897107027,77.51798084193447,EKF
12.98807253976963,77.51796883905061,EKF
12.98808765935555,77.51796300362486,EKF
12.988125751728992,77.517942498734,EKF
12.988175342441101,77.51794156997529,EKF
12.988263179015227,77.51791603189194,EKF
12.988332371630719,77.51790575616798,EKF
12.988181570034433,77.51795706617493,EKF
12.988163558186187,77.51796169469826,EKF
12.988133127544824,77.5179627430367,EKF
12.988109212135146,77.51795613312815,EKF
12.988115132544742,77.51796309304184,EKF
12.988142753191545,77.51797368232913,EKF
12.988137411439817,77.5179707339942,EKF
12.988125860941713,77.51796997079053,EKF
12.988128635698098,77.51797162081391,EKF
12.988127288972983,77.51797089285859,EKF
12.988134844545423,77.5179696192267,EKF
12.988152657648776,77.51796379945029,EKF
12.988188961847106,77.51795288733521,EKF
12.988115133309213,77.51797603167033,EKF
12.988114880249325,77.5179760317028,EKF
12.988114753680101,77.51797574605789,EKF
12.98811529580247,77.5179744833021,EKF
12.988114357853561,77.51799096239867,EKF
12.9881140426246,77.51800057580775,EKF
12.988112289868004,77.51800632815062,EKF
12.988114153319835,77.51801977434339,EKF
12.988103262941308,77.51802263394259,EKF
12.988107718413197,77.51802137109256,EKF
12.98811794862076,77.51801595040091,EKF
12.988124056616918,77.51800176435995,EKF
12.988117024371874,77.51799551694744,EKF
12.98811057065285,77.51798901005098,EKF
12.988091627042571,77.51798483509097,EKF
12.988086413240419,77.51799384068468,EKF
12.988080367554918,77.51799863339235,EKF
12.988076472994273,77.51800433819007,EKF
12.98807594945366,77.51800950835427,EKF
12.988077196698935,77.51800980326264,EKF
12.988077187661084,77.5180098032638,EKF
12.988079961872028,77.51800690034128,EKF
12.988079916714788,77.51800713994244,EKF
12.988079916714788,77.51800713994244,EKF
12.988079916714788,77.51800713994244,EKF
12.988079916714788,77.51800713994244,EKF
12.988079916714788,77.51800713994244,EKF
12.988079916714788,77.51800713994244,EKF
12.988079916714788,77.51800713994244,EKF
12.988079916714788,77.51800713994244,EKF
12.988079916714788,77.51800713994244,EKF
12.988079916714788,77.51800713994244,EKF
12.988079916714788,77.51800713994244,EKF
12.988079916714788,77.51800713994244,EKF
12.988079916714788,77.51800713994244,EKF
12.988079916714788,77.51800713994244,EKF
12.988079916714788,77.51800713994244,EKF
12.988079916714788,77.51800713994244,EKF
12.988079916714788,77.51800713994244,EKF
12.988079916714788,77.51800713994244,EKF
12.988079916714788,77.51800713994244,EKF
12.988079916714788,77.51800713994244,EKF
12.988079916714788,77.51800713994244,EKF
12.988079916714788,77.51800713994244,EKF
12.988079916714788,77.51800713994244,EKF
12.988079916714788,77.51800713994244,EKF
12.988079916714788,77.51800713994244,EKF
12.988079916714788,77.51800713994244,EKF
12.988079916714788,77.51800713994244,EKF
12.988079916714788,77.51800713994244,EKF
12.988079880563374,77.51800713994707,EKF
12.988080106517874,77.51800718597384,EKF
12.988080160754526,77.51800735196855,EKF
12.988080088286418,77.51800601563781,EKF
12.988080712144546,77.51800796010498,EKF
12.988081137055339,77.51800908449391,EKF
12.98808112803013,77.5180091950992,EKF
12.988081155189143,77.51800956374264,EKF
12.988081119014716,77.51800936097136,EKF
12.988081778936888,77.51801066960844,EKF
12.988082041052527,77.51801079858117,EKF
12.98808202297746,77.51801080780467,EKF
12.988081986854521,77.51801101052995,EKF
12.98808197782498,77.51801106581307,EKF
12.988082032051246,77.51801107504238,EKF
12.988081932648775,77.51801113950806,EKF
12.988081923610924,77.51801113950921,EKF
12.988081905535216,77.51801113951153,EKF
12.988081878421655,77.518011139515,EKF
12.988081842269747,77.51801113952466,EKF
12.988081869383304,77.51801113952119,EKF
12.988081833231892,77.51801113952581,EKF
12.988081833231892,77.51801113952581,EKF
12.988081860345453,77.51801113952234,EKF
12.988081860345453,77.51801113952234,EKF
12.98808185131328,77.51801118560437,EKF
12.98808185131328,77.51801118560437,EKF
12.98808184227429,77.51801117638935,EKF
12.98808186042499,77.51801178465443,EKF
12.988081544262606,77.51801310260767,EKF
12.988080740061093,77.51801442057321,EKF
12.988079890566215,77.51801491833533,EKF
12.98808039658099,77.51801413498119,EKF
12.9849307,77.5500627,GNSS
12.9849552,77.5500675,GNSS
12.9849552,77.5500675,GNSS
12.9847715,77.5500315,GNSS
12.984798,77.5500372,GNSS
12.984841,77.5500392,GNSS
12.9848887,77.5500308,GNSS
12.9849402,77.5500302,GNSS
12.9849968,77.5500272,GNSS
12.9850578,77.550027,GNSS
12.9850578,77.550027,GNSS
12.9840752,77.5492043,GNSS
12.9840598,77.549127,GNSS
12.9841173,77.5490938,GNSS
12.9841785,77.549088,GNSS
12.9853038,77.5494682,GNSS
12.985366,77.5494707,GNSS
12.985426,77.5494642,GNSS
12.985476,77.5494488,GNSS
12.985476,77.5494488,GNSS
12.9855225,77.549447,GNSS
12.9855563,77.54945,GNSS
12.9855853,77.5494407,GNSS
12.9856022,77.5493882,GNSS
12.9856022,77.5493882,GNSS
12.9850867,77.5489718,GNSS
12.9850867,77.5489718,GNSS
12.9850732,77.5489085,GNSS
12.9850448,77.5488355,GNSS
12.9850227,77.5487695,GNSS
12.9849935,77.5487125,GNSS
12.984955,77.5486112,GNSS
12.9849408,77.5485593,GNSS
12.9849215,77.5485082,GNSS
12.9849215,77.5485082,GNSS
12.9848868,77.5484283,GNSS
12.9848495,77.5483833,GNSS
12.9848305,77.5483397,GNSS
12.984798,77.5483495,GNSS
12.9847958,77.5483042,GNSS
12.9847923,77.5482527,GNSS
12.9847923,77.5482527,GNSS
12.9847283,77.5480977,GNSS
12.9847355,77.548047,GNSS
12.9847355,77.548047,GNSS
12.9847,77.5477683,GNSS
12.9847,77.5477683,GNSS
12.9851235,77.5476828,GNSS
12.9851235,77.5476828,GNSS
12.9849665,77.5474975,GNSS
12.9849665,77.5474975,GNSS
12.9849727,77.5474512,GNSS
12.9849743,77.5473975,GNSS
12.9849772,77.547343,GNSS
12.9849862,77.5472247,GNSS
12.9849908,77.547164,GNSS
12.9849965,77.5471037,GNSS
12.9849965,77.5471037,GNSS
12.9850047,77.5470362,GNSS
12.9849977,77.546953,GNSS
12.9850057,77.5468813,GNSS
12.9850295,77.546721,GNSS
12.9850402,77.5466582,GNSS
12.9850467,77.5465943,GNSS
12.9850505,77.5465263,GNSS
12.9850505,77.5465263,GNSS
12.9850497,77.5464623,GNSS
12.9850435,77.5464022,GNSS
12.9850533,77.54635,GNSS
12.9850755,77.546244,GNSS
12.9850847,77.5461928,GNSS
12.9850908,77.5461352,GNSS
12.9850908,77.5461352,GNSS
12.9850948,77.5460877,GNSS
12.9850933,77.5460425,GNSS
12.9850915,77.5459948,GNSS
12.9851123,77.5458695,GNSS
12.9851238,77.5458003,GNSS
12.9851238,77.5458003,GNSS
12.985131,77.5457243,GNSS
12.9851383,77.5456495,GNSS
12.9851432,77.5455812,GNSS
12.9851532,77.5454575,GNSS
12.9851565,77.5453908,GNSS
12.98516,77.545329,GNSS
12.98516,77.545329,GNSS
12.9851605,77.545281,GNSS
12.9851563,77.5452403,GNSS
12.985161,77.5452118,GNSS
12.9851663,77.5451613,GNSS
12.9851703,77.5451388,GNSS
12.9851718,77.5451177,GNSS
12.9851718,77.5451177,GNSS
12.9851728,77.5450982,GNSS
12.9851718,77.5450847,GNSS
12.9851753,77.5450667,GNSS
12.9851752,77.545034,GNSS
12.9851755,77.5450205,GNSS
12.9851728,77.5449973,GNSS
12.9851728,77.5449973,GNSS
12.9851713,77.5449695,GNSS
12.9851738,77.5449368,GNSS
12.985178,77.5448948,GNSS
12.9851975,77.544784,GNSS
12.9852065,77.5447155,GNSS
12.9852157,77.5446477,GNSS
12.9852157,77.5446477,GNSS
12.9852208,77.5445875,GNSS
12.9852225,77.5445335,GNSS
12.985226,77.544481,GNSS
12.9852358,77.5443648,GNSS
12.9852432,77.5442998,GNSS
12.9852533,77.5442307,GNSS
12.9852658,77.5441613,GNSS
12.9852658,77.5441613,GNSS
12.9852772,77.5440917,GNSS
12.9852887,77.5440213,GNSS
12.985314,77.5438787,GNSS
12.985329,77.5438047,GNSS
12.9853435,77.5437303,GNSS
12.9853587,77.543654,GNSS
12.9853587,77.543654,GNSS
12.9853737,77.5435782,GNSS
12.9853878,77.5435028,GNSS
12.9854242,77.5433552,GNSS
12.9854468,77.5432873,GNSS
12.9854707,77.5432215,GNSS
12.9854915,77.5431623,GNSS
12.9854915,77.5431623,GNSS
12.9855055,77.5431078,GNSS
12.9855185,77.5430597,GNSS
12.9855303,77.5430155,GNSS
12.9855462,77.5429427,GNSS
12.9855498,77.54291,GNSS
12.985559,77.5428748,GNSS
12.9855722,77.5428323,GNSS
12.9855722,77.5428323,GNSS
12.9855885,77.5427857,GNSS
12.9856072,77.5427347,GNSS
12.9856437,77.5426243,GNSS
12.9856637,77.5425748,GNSS
12.9856795,77.5425238,GNSS
12.985692,77.542474,GNSS
12.985692,77.542474,GNSS
12.9857035,77.5424312,GNSS
12.9857155,77.5423937,GNSS
12.9857377,77.542324,GNSS
12.9857478,77.5422953,GNSS
12.985758,77.5422637,GNSS
12.985758,77.5422637,GNSS
12.9857697,77.5422277,GNSS
12.9857835,77.5421847,GNSS
12.9858012,77.542139,GNSS
12.9858445,77.5420358,GNSS
12.9858682,77.5419768,GNSS
12.9858898,77.5419127,GNSS
12.9858898,77.5419127,GNSS
12.9859117,77.5418517,GNSS
12.9859362,77.541786,GNSS
12.9859633,77.5417202,GNSS
12.9860267,77.541582,GNSS
12.9860643,77.541513,GNSS
12.9861035,77.5414425,GNSS
12.9861035,77.5414425,GNSS
12.9861418,77.5413682,GNSS
12.9861875,77.5412987,GNSS
12.9862303,77.5412253,GNSS
12.9862922,77.5410873,GNSS
12.986321,77.5410255,GNSS
12.986351,77.5409633,GNSS
12.986351,77.5409633,GNSS
12.9863845,77.5408922,GNSS
12.9864178,77.5408232,GNSS
12.9864762,77.5407,GNSS
12.9865093,77.5406357,GNSS
12.9865405,77.5405758,GNSS
12.986566,77.540519,GNSS
12.986566,77.540519,GNSS
12.9865848,77.5404712,GNSS
12.9865977,77.5404305,GNSS
12.986587,77.5403648,GNSS
12.9865657,77.5403433,GNSS
12.986535,77.5403202,GNSS
12.9864985,77.5403023,GNSS
12.9864985,77.5403023,GNSS
12.9864575,77.5402855,GNSS
12.986413,77.5402683,GNSS
12.9863147,77.5402547,GNSS
12.9862673,77.5402517,GNSS
12.9862162,77.5402458,GNSS
12.9862162,77.5402458,GNSS
12.9861592,77.5402383,GNSS
12.9861005,77.540223,GNSS
12.9859695,77.5402072,GNSS
12.985895,77.5402013,GNSS
12.9858187,77.540192,GNSS
12.985745,77.5401805,GNSS
12.985745,77.5401805,GNSS
12.9856745,77.5401657,GNSS
12.9856078,77.5401532,GNSS
12.9854727,77.540132,GNSS
12.9854028,77.5401235,GNSS
12.9853273,77.5401147,GNSS
12.9852567,77.5401072,GNSS
12.9852567,77.5401072,GNSS
12.9851952,77.540102,GNSS
12.985077,77.5400972,GNSS
12.9850233,77.5400938,GNSS
12.984976,77.5400832,GNSS
12.9849357,77.5400683,GNSS
12.9849357,77.5400683,GNSS
12.9849007,77.540055,GNSS
12.9848682,77.5400322,GNSS
12.9848457,77.5399528,GNSS
12.9848625,77.539906,GNSS
12.9848837,77.5398597,GNSS
12.9849013,77.539818,GNSS
12.9849013,77.539818,GNSS
12.9849182,77.5397702,GNSS
12.9849398,77.5397287,GNSS
12.98498,77.539639,GNSS
12.9850023,77.5395892,GNSS
12.9850265,77.5395368,GNSS
12.9850265,77.5395368,GNSS
12.9850638,77.5394887,GNSS
12.9850968,77.5394405,GNSS
12.9851462,77.5393258,GNSS
12.9851693,77.5392623,GNSS
12.9851902,77.5392015,GNSS
12.9852107,77.53914,GNSS
12.9852107,77.53914,GNSS
12.9852345,77.5390792,GNSS
12.985255,77.5390192,GNSS
12.9852992,77.538898,GNSS
12.9853232,77.5388362,GNSS
12.9853473,77.5387802,GNSS
12.9853473,77.5387802,GNSS
12.9853758,77.5387243,GNSS
12.9854057,77.5386755,GNSS
12.9854515,77.5385718,GNSS
12.9854742,77.5385178,GNSS
12.9854948,77.5384665,GNSS
12.9855128,77.5384167,GNSS
12.9855128,77.5384167,GNSS
12.9855292,77.5383642,GNSS
12.9855477,77.5383122,GNSS
12.985586,77.5382063,GNSS
12.9856107,77.5381522,GNSS
12.9856375,77.5380967,GNSS
12.9856632,77.5380383,GNSS
12.9856632,77.5380383,GNSS
12.9856892,77.5379835,GNSS
12.9857385,77.5378792,GNSS
12.9857605,77.5378303,GNSS
12.9857835,77.5377815,GNSS
12.9858018,77.5377303,GNSS
12.9858018,77.5377303,GNSS
12.9858172,77.5376753,GNSS
12.9858285,77.5376192,GNSS
12.985848,77.5375055,GNSS
12.9858513,77.537448,GNSS
12.9858545,77.5373995,GNSS
12.9858613,77.5373638,GNSS
12.9858613,77.5373638,GNSS
12.985864,77.5373395,GNSS
12.985862,77.5373172,GNSS
12.9858363,77.537271,GNSS
12.985791,77.5372543,GNSS
12.9857328,77.5372458,GNSS
12.9857328,77.5372458,GNSS
12.9856712,77.5372395,GNSS
12.985608,77.5372348,GNSS
12.9854683,77.5372283,GNSS
12.9853955,77.5372235,GNSS
12.9853267,77.5372202,GNSS
12.9852577,77.5372183,GNSS
12.9852577,77.5372183,GNSS
12.9851837,77.5372157,GNSS
12.9851103,77.5372137,GNSS
12.9849733,77.5371972,GNSS
12.9849112,77.53719,GNSS
12.9848348,77.5371845,GNSS
12.9848348,77.5371845,GNSS
12.984762,77.5371812,GNSS
12.9846892,77.537175,GNSS
12.984521,77.5371607,GNSS
12.984427,77.537154,GNSS
12.9843282,77.5371462,GNSS
12.9842348,77.5371372,GNSS
12.9842348,77.5371372,GNSS
12.9841398,77.5371297,GNSS
12.9840425,77.5371227,GNSS
12.9838517,77.537107,GNSS
12.9837613,77.5371008,GNSS
12.9836742,77.5370943,GNSS
12.98359,77.5370913,GNSS
12.98359,77.5370913,GNSS
12.9835073,77.537095,GNSS
12.9833458,77.537124,GNSS
12.9832703,77.5371482,GNSS
12.9831975,77.5371775,GNSS
12.9831198,77.537204,GNSS
12.9831198,77.537204,GNSS
12.9830397,77.537231,GNSS
12.982961,77.5372575,GNSS
12.9828002,77.5372998,GNSS
12.9827102,77.537309,GNSS
12.982622,77.53731,GNSS
12.9825375,77.5373062,GNSS
12.9824602,77.5372987,GNSS
12.9824602,77.5372987,GNSS
12.9823815,77.5372905,GNSS
12.9822243,77.5372737,GNSS
12.9821435,77.5372618,GNSS
12.9820603,77.537253,GNSS
12.9819748,77.5372432,GNSS
12.9819748,77.5372432,GNSS
12.9818848,77.5372322,GNSS
12.9817968,77.5372202,GNSS
12.9816255,77.5371778,GNSS
12.9815432,77.5371492,GNSS
12.981453,77.5371218,GNSS
12.9813732,77.5370952,GNSS
12.9813732,77.5370952,GNSS
12.9812922,77.5370672,GNSS
12.9812135,77.5370418,GNSS
12.9810658,77.536996,GNSS
12.9809953,77.5369735,GNSS
12.9809275,77.5369497,GNSS
12.9809275,77.5369497,GNSS
12.9808697,77.5369223,GNSS
12.9808202,77.5368948,GNSS
12.9807402,77.5368392,GNSS
12.9807102,77.5368017,GNSS
12.9806877,77.5367565,GNSS
12.9806663,77.5367112,GNSS
12.9806663,77.5367112,GNSS
12.9806498,77.5366663,GNSS
12.9806358,77.5366237,GNSS
12.9806363,77.5365278,GNSS
12.9806465,77.5364753,GNSS
12.9806708,77.5364175,GNSS
12.9806968,77.5363567,GNSS
12.9806968,77.5363567,GNSS
12.9807213,77.5362945,GNSS
12.9807737,77.5361652,GNSS
12.9808015,77.5360972,GNSS
12.9808303,77.5360265,GNSS
12.9808598,77.535953,GNSS
12.9808598,77.535953,GNSS
12.9808903,77.5358797,GNSS
12.9809195,77.5358095,GNSS
12.9809752,77.535674,GNSS
12.9809987,77.5356118,GNSS
12.981021,77.5355523,GNSS
12.981044,77.5354923,GNSS
12.981044,77.5354923,GNSS
12.9810678,77.535432,GNSS
12.9811158,77.5353082,GNSS
12.9811393,77.535248,GNSS
12.9811625,77.5351885,GNSS
12.9811823,77.535132,GNSS
12.9811995,77.5350792,GNSS
12.9811995,77.5350792,GNSS
12.981216,77.5350403,GNSS
12.9812437,77.5349835,GNSS
12.9812572,77.5349587,GNSS
12.9812708,77.5349338,GNSS
12.9812878,77.5349038,GNSS
12.9812878,77.5349038,GNSS
12.9813063,77.5348712,GNSS
12.9813492,77.5347803,GNSS
12.9813767,77.5347283,GNSS
12.9814063,77.5346797,GNSS
12.9814227,77.5346248,GNSS
12.9814227,77.5346248,GNSS
12.9814422,77.5345665,GNSS
12.9814665,77.5345027,GNSS
12.9815063,77.5343768,GNSS
12.981526,77.5343143,GNSS
12.9815433,77.5342553,GNSS
12.9815607,77.5341957,GNSS
12.9815607,77.5341957,GNSS
12.9815788,77.5341315,GNSS
12.9816223,77.5339867,GNSS
12.9816487,77.533905,GNSS
12.9816753,77.5338215,GNSS
12.981701,77.5337372,GNSS
12.981701,77.5337372,GNSS
12.981724,77.5336532,GNSS
12.9817685,77.5334913,GNSS
12.9817905,77.5334155,GNSS
12.9818062,77.5333447,GNSS
12.981822,77.5332765,GNSS
12.9818387,77.5332067,GNSS
12.9818387,77.5332067,GNSS
12.9818525,77.5331328,GNSS
12.9818855,77.5329845,GNSS
12.9819,77.5329068,GNSS
12.9819152,77.5328275,GNSS
12.9819293,77.5327428,GNSS
12.9819293,77.5327428,GNSS
12.9819405,77.5326578,GNSS
12.9819567,77.5324677,GNSS
12.9819642,77.5323648,GNSS
12.9819733,77.5322612,GNSS
12.9819825,77.5321592,GNSS
12.9819912,77.5320543,GNSS
12.9819912,77.5320543,GNSS
12.9820013,77.5319452,GNSS
12.9820218,77.5317388,GNSS
12.9820367,77.531645,GNSS
12.9820552,77.5315537,GNSS
12.9820737,77.5314682,GNSS
12.9820737,77.5314682,GNSS
12.982094,77.5313913,GNSS
12.9821395,77.5312573,GNSS
12.9821578,77.5311923,GNSS
12.982182,77.5311332,GNSS
12.9822108,77.5310795,GNSS
12.9822498,77.5310327,GNSS
12.9822498,77.5310327,GNSS
12.9822885,77.5309837,GNSS
12.9823835,77.5308935,GNSS
12.9824387,77.5308613,GNSS
12.9824983,77.5308362,GNSS
12.9825597,77.530815,GNSS
12.9825597,77.530815,GNSS
12.9826212,77.5307928,GNSS
12.9827317,77.5307423,GNSS
12.9827782,77.5307195,GNSS
12.9828207,77.5306988,GNSS
12.9828612,77.5306793,GNSS
12.9828997,77.5306588,GNSS
12.9828997,77.5306588,GNSS
12.9829387,77.5306373,GNSS
12.9830488,77.5305887,GNSS
12.9831085,77.5305543,GNSS
12.983164,77.5305115,GNSS
12.983216,77.5304593,GNSS
12.9832628,77.5303967,GNSS
12.9832628,77.5303967,GNSS
12.9833072,77.5303308,GNSS
12.983383,77.5301985,GNSS
12.9834183,77.5301327,GNSS
12.983453,77.5300645,GNSS
12.9834895,77.5299925,GNSS
12.9835257,77.5299215,GNSS
12.9835257,77.5299215,GNSS
12.9835608,77.5298508,GNSS
12.9836202,77.5297095,GNSS
12.9836478,77.5296352,GNSS
12.9836702,77.5295612,GNSS
12.9836905,77.5294833,GNSS
12.9837078,77.5294073,GNSS
12.9837078,77.5294073,GNSS
12.9837305,77.5292865,GNSS
12.9837383,77.5292325,GNSS
12.9837458,77.5291815,GNSS
12.9837522,77.5291298,GNSS
12.983758,77.5290772,GNSS
12.983758,77.5290772,GNSS
12.9837648,77.5290232,GNSS
12.9837757,77.5289185,GNSS
12.9837797,77.5288662,GNSS
12.9837878,77.5288107,GNSS
12.983794,77.5287547,GNSS
12.9838067,77.528692,GNSS
12.9838067,77.528692,GNSS
12.9838225,77.5286307,GNSS
12.9838678,77.5285118,GNSS
12.9839013,77.5284545,GNSS
12.9839378,77.5284018,GNSS
12.983978,77.5283537,GNSS
12.983978,77.5283537,GNSS
12.9840195,77.5283097,GNSS
12.9841067,77.5282252,GNSS
12.9841535,77.5281817,GNSS
12.9842077,77.5281413,GNSS
12.984262,77.528103,GNSS
12.9843123,77.5280678,GNSS
12.9843123,77.5280678,GNSS
12.984409,77.5279992,GNSS
12.9844583,77.5279642,GNSS
12.9845068,77.5279167,GNSS
12.9845535,77.5278718,GNSS
12.984602,77.5278275,GNSS
12.984602,77.5278275,GNSS
12.9846555,77.5277875,GNSS
12.9847658,77.5276978,GNSS
12.9848203,77.5276472,GNSS
12.9848712,77.5275938,GNSS
12.9849185,77.5275408,GNSS
12.984962,77.52749,GNSS
12.984962,77.52749,GNSS
12.9850455,77.5273902,GNSS
12.9850867,77.5273393,GNSS
12.9851265,77.5272917,GNSS
12.9851647,77.5272443,GNSS
12.9852007,77.5271962,GNSS
12.9852007,77.5271962,GNSS
12.9852353,77.527146,GNSS
12.9853085,77.5270447,GNSS
12.9853457,77.526997,GNSS
12.9853813,77.5269513,GNSS
12.9854105,77.5269067,GNSS
12.9854368,77.5268643,GNSS
12.9854368,77.5268643,GNSS
12.9854637,77.5268233,GNSS
12.9855252,77.5267502,GNSS
12.9855613,77.526714,GNSS
12.9855985,77.5266795,GNSS
12.9856333,77.5266477,GNSS
12.9856642,77.5266162,GNSS
12.9856642,77.5266162,GNSS
12.9856948,77.5265815,GNSS
12.9857633,77.526495,GNSS
12.9857978,77.526439,GNSS
12.9858288,77.5263757,GNSS
12.985855,77.5263088,GNSS
12.9858768,77.5262338,GNSS
12.9858768,77.5262338,GNSS
12.9858923,77.5261562,GNSS
12.9858978,77.5259968,GNSS
12.985881,77.5259148,GNSS
12.9858418,77.525841,GNSS
12.9857958,77.5257802,GNSS
12.9857425,77.5257297,GNSS
12.9857425,77.5257297,GNSS
12.985694,77.5256888,GNSS
12.9856033,77.5256118,GNSS
12.9855618,77.5255718,GNSS
12.9855272,77.5255317,GNSS
12.9854952,77.5254918,GNSS
12.9854685,77.525451,GNSS
12.9854685,77.525451,GNSS
12.9854438,77.5254087,GNSS
12.9854013,77.5253,GNSS
12.985379,77.5252385,GNSS
12.985353,77.5251768,GNSS
12.9853235,77.5251142,GNSS
12.9852997,77.5250483,GNSS
12.9852997,77.5250483,GNSS
12.9852802,77.5249775,GNSS
12.9852367,77.5248322,GNSS
12.985217,77.5247553,GNSS
12.9851935,77.5246733,GNSS
12.9851707,77.5245897,GNSS
12.98515,77.5245062,GNSS
12.98515,77.5245062,GNSS
12.9851255,77.5244303,GNSS
12.985078,77.5242893,GNSS
12.9850553,77.5242215,GNSS
12.985031,77.5241518,GNSS
12.9850062,77.5240817,GNSS
12.9849825,77.5240115,GNSS
12.9849825,77.5240115,GNSS
12.9849608,77.5239423,GNSS
12.9849328,77.5238138,GNSS
12.9849275,77.5237485,GNSS
12.9849347,77.523688,GNSS
12.9849492,77.5236313,GNSS
12.9849692,77.5235752,GNSS
12.9849953,77.5235208,GNSS
12.9849953,77.5235208,GNSS
12.9850693,77.5234203,GNSS
12.9851132,77.5233713,GNSS
12.9851578,77.5233197,GNSS
12.9852058,77.5232657,GNSS
12.9852567,77.5232093,GNSS
12.9853102,77.5231485,GNSS
12.9853102,77.5231485,GNSS
12.985425,77.523018,GNSS
12.985488,77.5229488,GNSS
12.9855487,77.5228767,GNSS
12.9856083,77.5228013,GNSS
12.9856685,77.5227227,GNSS
12.9857245,77.5226433,GNSS
12.9857245,77.5226433,GNSS
12.9858275,77.522468,GNSS
12.9858803,77.522378,GNSS
12.9859318,77.5222845,GNSS
12.9859833,77.5221868,GNSS
12.9860263,77.5220852,GNSS
12.9860618,77.5219833,GNSS
12.9860618,77.5219833,GNSS
12.9861367,77.5217898,GNSS
12.9861807,77.5217003,GNSS
12.9862285,77.5216138,GNSS
12.986277,77.5215258,GNSS
12.9863253,77.5214362,GNSS
12.9863253,77.5214362,GNSS
12.9864213,77.521251,GNSS
12.9864685,77.5211563,GNSS
12.986514,77.521061,GNSS
12.9865587,77.5209647,GNSS
12.986602,77.5208693,GNSS
12.986637,77.5207793,GNSS
12.986637,77.5207793,GNSS
12.9866915,77.5206302,GNSS
12.9867142,77.5205693,GNSS
12.986735,77.5205087,GNSS
12.9867595,77.5204477,GNSS
12.986785,77.5203872,GNSS
12.98681,77.5203298,GNSS
12.986831,77.5202782,GNSS
12.986831,77.5202782,GNSS
12.9868605,77.5201912,GNSS
12.9868738,77.5201512,GNSS
12.9868872,77.5201135,GNSS
12.9868995,77.5200785,GNSS
12.986911,77.5200477,GNSS
12.9869225,77.5200227,GNSS
12.9869225,77.5200227,GNSS
12.9869253,77.5200052,GNSS
12.98693,77.519983,GNSS
12.9869362,77.5199735,GNSS
12.9869402,77.5199653,GNSS
12.9869422,77.5199585,GNSS
12.9869442,77.5199562,GNSS
12.9869442,77.5199557,GNSS
12.9869442,77.5199557,GNSS
12.9869438,77.5199562,GNSS
12.9869448,77.5199572,GNSS
12.986948,77.5199575,GNSS
12.9869462,77.5199567,GNSS
12.9869452,77.5199558,GNSS
12.9869445,77.5199555,GNSS
12.9869445,77.5199555,GNSS
12.9869432,77.5199548,GNSS
12.9869435,77.5199552,GNSS
12.986943,77.5199557,GNSS
12.9869432,77.519956,GNSS
12.9869432,77.519956,GNSS
12.9869428,77.5199563,GNSS
12.9869438,77.5199572,GNSS
12.9869438,77.5199572,GNSS
12.9869453,77.519957,GNSS
12.9869452,77.5199567,GNSS
12.9869453,77.5199563,GNSS
12.9869457,77.5199565,GNSS
12.9869458,77.519956,GNSS
12.9869458,77.5199558,GNSS
12.9869458,77.5199558,GNSS
12.9869448,77.5199548,GNSS
12.9869447,77.5199548,GNSS
12.9869445,77.5199547,GNSS
12.9869442,77.5199548,GNSS
12.9869438,77.5199547,GNSS
12.9869438,77.5199547,GNSS
12.9869405,77.5199573,GNSS
12.9869417,77.5199572,GNSS
12.9869422,77.5199568,GNSS
12.9869397,77.5199577,GNSS
12.9869402,77.5199573,GNSS
12.986943,77.5199563,GNSS
12.986943,77.5199563,GNSS
12.986944,77.5199567,GNSS
12.9869447,77.5199568,GNSS
12.9869455,77.5199568,GNSS
12.9869457,77.5199572,GNSS
12.9869452,77.5199572,GNSS
12.9869452,77.5199572,GNSS
12.986945,77.5199565,GNSS
12.986945,77.5199563,GNSS
12.986945,77.5199565,GNSS
12.9869448,77.5199567,GNSS
12.9869448,77.5199567,GNSS
12.9869448,77.5199575,GNSS
12.9869448,77.5199577,GNSS
12.9869448,77.5199575,GNSS
12.986945,77.5199575,GNSS
12.9869447,77.5199575,GNSS
12.9869447,77.5199575,GNSS
12.986945,77.519957,GNSS
12.9869452,77.5199567,GNSS
12.9869455,77.5199565,GNSS
12.9869453,77.5199563,GNSS
12.9869453,77.5199563,GNSS
12.9869463,77.5199532,GNSS
12.98695,77.519945,GNSS
12.9869547,77.5199368,GNSS
12.986958,77.5199305,GNSS
12.9869632,77.5199237,GNSS
12.9869632,77.5199237,GNSS
12.9869792,77.5199025,GNSS
12.9869833,77.5198908,GNSS
12.986991,77.5198755,GNSS
12.987,77.5198548,GNSS
12.987,77.5198548,GNSS
12.9870303,77.5197967,GNSS
12.9870483,77.51976,GNSS
12.9870665,77.5197227,GNSS
12.9870858,77.5196845,GNSS
12.9870858,77.5196845,GNSS
12.9871037,77.5196432,GNSS
12.9871427,77.5195545,GNSS
12.9871665,77.5195075,GNSS
12.987193,77.5194637,GNSS
12.9872193,77.5194188,GNSS
12.9872193,77.5194188,GNSS
12.9872697,77.5193165,GNSS
12.9872932,77.5192635,GNSS
12.9873165,77.5192032,GNSS
12.9873393,77.5191368,GNSS
12.9873393,77.5191368,GNSS
12.9873783,77.519009,GNSS
12.9873997,77.5189452,GNSS
12.9874217,77.5188822,GNSS
12.9874413,77.5188217,GNSS
12.9874413,77.5188217,GNSS
12.9874767,77.5187047,GNSS
12.9874943,77.5186458,GNSS
12.9875133,77.5185845,GNSS
12.9875343,77.5185218,GNSS
12.9875553,77.5184575,GNSS
12.9875553,77.5184575,GNSS
12.9875993,77.518333,GNSS
12.9876222,77.5182722,GNSS
12.9876475,77.5182115,GNSS
12.9876747,77.5181523,GNSS
12.9876747,77.5181523,GNSS
12.987727,77.518021,GNSS
12.9877537,77.5179565,GNSS
12.9877765,77.5178938,GNSS
12.9877765,77.5178938,GNSS
